seed,family,ref,variant,rules,recall,fpr,fp,neg,novel_recall
0,Adload,0,sigma-mvp,0,0,0,0,11459,0
0,Adload,0,sigma-mvp + real neg,0,0,0,0,11459,0
0,Adload,0,exact + real neg,1,0,0,0,11459,0
0,Adload,0,ladder + synthetic neg,1,0,0,0,11459,0
0,Adload,0,ladder + real neg (v2),1,0,0,0,11459,0
0,Adload,0,"ladder + real neg, k=3",1,0,0,0,11459,0
0,Adload,0,shipped (packaged corpus),1,0,0,0,11459,0
0,Adload,0,yara-imphash,1,0,0,0,11459,0
0,Adload,0,yara-v2,1,0.2,0,0,11459,0.25
0,Adload,1,sigma-mvp,0,0,0,0,11459,0
0,Adload,1,sigma-mvp + real neg,0,0,0,0,11459,0
0,Adload,1,exact + real neg,1,0,0,0,11459,0
0,Adload,1,ladder + synthetic neg,1,0,0,0,11459,0
0,Adload,1,ladder + real neg (v2),1,0,0,0,11459,0
0,Adload,1,"ladder + real neg, k=3",1,0,0,0,11459,0
0,Adload,1,shipped (packaged corpus),1,0,0,0,11459,0
0,Adload,1,yara-imphash,1,0,0,0,11459,0
0,Adload,1,yara-v2,1,0,0,0,11459,0
0,Adload,2,sigma-mvp,0,0,0,0,11459,0
0,Adload,2,sigma-mvp + real neg,0,0,0,0,11459,0
0,Adload,2,exact + real neg,1,0,0,0,11459,0
0,Adload,2,ladder + synthetic neg,1,0,0,0,11459,0
0,Adload,2,ladder + real neg (v2),1,0,0,0,11459,0
0,Adload,2,"ladder + real neg, k=3",1,0,0,0,11459,0
0,Adload,2,shipped (packaged corpus),1,0,0,0,11459,0
0,Adload,2,yara-imphash,1,0,0,0,11459,0
0,Adload,2,yara-v2,1,0,0,0,11459,0
0,Adload,3,sigma-mvp,0,0,0,0,11459,0
0,Adload,3,sigma-mvp + real neg,0,0,0,0,11459,0
0,Adload,3,exact + real neg,1,0,0,0,11459,0
0,Adload,3,ladder + synthetic neg,1,0,0,0,11459,0
0,Adload,3,ladder + real neg (v2),1,0,0,0,11459,0
0,Adload,3,"ladder + real neg, k=3",1,0,0,0,11459,0
0,Adload,3,shipped (packaged corpus),1,0,0,0,11459,0
0,Adload,3,yara-imphash,1,0,0,0,11459,0
0,Adload,3,yara-v2,1,0,0,0,11459,0
0,Adload,4,sigma-mvp,0,0,0,0,11459,0
0,Adload,4,sigma-mvp + real neg,0,0,0,0,11459,0
0,Adload,4,exact + real neg,2,0.2,0,0,11459,0
0,Adload,4,ladder + synthetic neg,2,0.2,0,0,11459,0
0,Adload,4,ladder + real neg (v2),2,0.2,0,0,11459,0
0,Adload,4,"ladder + real neg, k=3",2,0.2,0,0,11459,0
0,Adload,4,shipped (packaged corpus),2,0.2,0,0,11459,0
0,Adload,4,yara-imphash,1,0,0,0,11459,0
0,Adload,4,yara-v2,1,0.2,0.000785409,9,11459,0.25
0,Adload,5,sigma-mvp,0,0,0,0,11459,0
0,Adload,5,sigma-mvp + real neg,0,0,0,0,11459,0
0,Adload,5,exact + real neg,1,0,0,0,11459,0
0,Adload,5,ladder + synthetic neg,1,0,0,0,11459,0
0,Adload,5,ladder + real neg (v2),1,0,0,0,11459,0
0,Adload,5,"ladder + real neg, k=3",1,0,0,0,11459,0
0,Adload,5,shipped (packaged corpus),1,0,0,0,11459,0
0,Adload,5,yara-imphash,1,0,0,0,11459,0
0,Adload,5,yara-v2,1,0.2,0,0,11459,0.25
0,Adload,6,sigma-mvp,0,0,0,0,11459,0
0,Adload,6,sigma-mvp + real neg,0,0,0,0,11459,0
0,Adload,6,exact + real neg,1,0,0,0,11459,0
0,Adload,6,ladder + synthetic neg,1,0,0,0,11459,0
0,Adload,6,ladder + real neg (v2),1,0,0,0,11459,0
0,Adload,6,"ladder + real neg, k=3",1,0,0,0,11459,0
0,Adload,6,shipped (packaged corpus),1,0,0,0,11459,0
0,Adload,6,yara-imphash,1,0,0,0,11459,0
0,Adload,6,yara-v2,1,0,0,0,11459,0
0,Adload,7,sigma-mvp,0,0,0,0,11459,0
0,Adload,7,sigma-mvp + real neg,0,0,0,0,11459,0
0,Adload,7,exact + real neg,1,0,0,0,11459,0
0,Adload,7,ladder + synthetic neg,1,0,0,0,11459,0
0,Adload,7,ladder + real neg (v2),1,0,0,0,11459,0
0,Adload,7,"ladder + real neg, k=3",1,0,0,0,11459,0
0,Adload,7,shipped (packaged corpus),1,0,0,0,11459,0
0,Adload,7,yara-imphash,1,0,0,0,11459,0
0,Adload,7,yara-v2,1,0.2,0,0,11459,0.25
0,Adload,8,sigma-mvp,0,0,0,0,11459,0
0,Adload,8,sigma-mvp + real neg,0,0,0,0,11459,0
0,Adload,8,exact + real neg,2,0.2,0,0,11459,0
0,Adload,8,ladder + synthetic neg,2,0.2,0,0,11459,0
0,Adload,8,ladder + real neg (v2),2,0.2,0,0,11459,0
0,Adload,8,"ladder + real neg, k=3",2,0.2,0,0,11459,0
0,Adload,8,shipped (packaged corpus),2,0.2,0,0,11459,0
0,Adload,8,yara-imphash,1,0,0,0,11459,0
0,Adload,8,yara-v2,1,0,0.000785409,9,11459,0
0,Adload,9,sigma-mvp,0,0,0,0,11459,0
0,Adload,9,sigma-mvp + real neg,0,0,0,0,11459,0
0,Adload,9,exact + real neg,1,0,0,0,11459,0
0,Adload,9,ladder + synthetic neg,1,0,0,0,11459,0
0,Adload,9,ladder + real neg (v2),1,0,0,0,11459,0
0,Adload,9,"ladder + real neg, k=3",1,0,0,0,11459,0
0,Adload,9,shipped (packaged corpus),1,0,0,0,11459,0
0,Adload,9,yara-imphash,1,0,0,0,11459,0
0,Adload,9,yara-v2,1,0,0,0,11459,0
0,Adload,0,"v2, 5 runs pooled",1.2,0.2,0,0,11459,0
0,Emotet,0,sigma-mvp,0,0,0,0,7935,0
0,Emotet,0,sigma-mvp + real neg,0,0,0,0,7935,0
0,Emotet,0,exact + real neg,5,0,0,0,7935,0
0,Emotet,0,ladder + synthetic neg,10,0.217059,0.00378072,30,7935,0.22129
0,Emotet,0,ladder + real neg (v2),5,0,0,0,7935,0
0,Emotet,0,"ladder + real neg, k=3",3,0,0,0,7935,0
0,Emotet,0,shipped (packaged corpus),5,0,0,0,7935,0
0,Emotet,0,yara-imphash,1,0,0,0,7935,0
0,Emotet,0,yara-v2,1,0,0,0,7935,0
0,Emotet,1,sigma-mvp,0,0,0,0,7935,0
0,Emotet,1,sigma-mvp + real neg,0,0,0,0,7935,0
0,Emotet,1,exact + real neg,3,0.000850099,0,0,7935,0.000867804
0,Emotet,1,ladder + synthetic neg,3,0.000850099,0,0,7935,0.000867804
0,Emotet,1,ladder + real neg (v2),3,0.000850099,0,0,7935,0.000867804
0,Emotet,1,"ladder + real neg, k=3",3,0.000850099,0,0,7935,0.000867804
0,Emotet,1,shipped (packaged corpus),3,0.000850099,0,0,7935,0.000867804
0,Emotet,1,yara-imphash,1,0,0,0,7935,0
0,Emotet,1,yara-v2,1,0,0,0,7935,0
0,Emotet,2,sigma-mvp,0,0,0,0,7935,0
0,Emotet,2,sigma-mvp + real neg,0,0,0,0,7935,0
0,Emotet,2,exact + real neg,1,0,0,0,7935,0
0,Emotet,2,ladder + synthetic neg,1,0,0,0,7935,0
0,Emotet,2,ladder + real neg (v2),1,0,0,0,7935,0
0,Emotet,2,"ladder + real neg, k=3",1,0,0,0,7935,0
0,Emotet,2,shipped (packaged corpus),1,0,0,0,7935,0
0,Emotet,2,yara-imphash,1,0,0,0,7935,0
0,Emotet,2,yara-v2,1,0,0,0,7935,0
0,Emotet,3,sigma-mvp,0,0,0,0,7935,0
0,Emotet,3,sigma-mvp + real neg,0,0,0,0,7935,0
0,Emotet,3,exact + real neg,3,0.000283366,0,0,7935,0.000289268
0,Emotet,3,ladder + synthetic neg,7,0.43185,0.0374291,297,7935,0.440266
0,Emotet,3,ladder + real neg (v2),3,0.000283366,0,0,7935,0.000289268
0,Emotet,3,"ladder + real neg, k=3",3,0.000283366,0,0,7935,0.000289268
0,Emotet,3,shipped (packaged corpus),3,0.0017002,0.000252048,2,7935,0.00173561
0,Emotet,3,yara-imphash,1,0,0,0,7935,0
0,Emotet,3,yara-v2,1,0,0,0,7935,0
0,Emotet,4,sigma-mvp,0,0,0,0,7935,0
0,Emotet,4,sigma-mvp + real neg,0,0,0,0,7935,0
0,Emotet,4,exact + real neg,3,0.000850099,0,0,7935,0.000867804
0,Emotet,4,ladder + synthetic neg,3,0.000850099,0,0,7935,0.000867804
0,Emotet,4,ladder + real neg (v2),3,0.000850099,0,0,7935,0.000867804
0,Emotet,4,"ladder + real neg, k=3",3,0.000850099,0,0,7935,0.000867804
0,Emotet,4,shipped (packaged corpus),3,0.000850099,0,0,7935,0.000867804
0,Emotet,4,yara-imphash,1,0,0,0,7935,0
0,Emotet,4,yara-v2,1,0,0,0,7935,0
0,Emotet,5,sigma-mvp,1,0,0.057719,458,7935,0
0,Emotet,5,sigma-mvp + real neg,0,0,0,0,7935,0
0,Emotet,5,exact + real neg,3,0.00113347,0,0,7935,0.00115707
0,Emotet,5,ladder + synthetic neg,7,0.43185,0.0374291,297,7935,0.440266
0,Emotet,5,ladder + real neg (v2),3,0.00113347,0,0,7935,0.00115707
0,Emotet,5,"ladder + real neg, k=3",3,0.00113347,0,0,7935,0.00115707
0,Emotet,5,shipped (packaged corpus),3,0.0017002,0.000252048,2,7935,0.00173561
0,Emotet,5,yara-imphash,1,0,0,0,7935,0
0,Emotet,5,yara-v2,1,0,0,0,7935,0
0,Emotet,6,sigma-mvp,1,0,0.057719,458,7935,0
0,Emotet,6,sigma-mvp + real neg,0,0,0,0,7935,0
0,Emotet,6,exact + real neg,3,0.00113347,0,0,7935,0.00115707
0,Emotet,6,ladder + synthetic neg,7,0.43185,0.0374291,297,7935,0.440266
0,Emotet,6,ladder + real neg (v2),3,0.00113347,0,0,7935,0.00115707
0,Emotet,6,"ladder + real neg, k=3",3,0.00113347,0,0,7935,0.00115707
0,Emotet,6,shipped (packaged corpus),3,0.0017002,0.000252048,2,7935,0.00173561
0,Emotet,6,yara-imphash,1,0,0,0,7935,0
0,Emotet,6,yara-v2,1,0,0,0,7935,0
0,Emotet,7,sigma-mvp,0,0,0,0,7935,0
0,Emotet,7,sigma-mvp + real neg,0,0,0,0,7935,0
0,Emotet,7,exact + real neg,5,0,0,0,7935,0
0,Emotet,7,ladder + synthetic neg,6,0,0.0142407,113,7935,0
0,Emotet,7,ladder + real neg (v2),5,0,0,0,7935,0
0,Emotet,7,"ladder + real neg, k=3",3,0,0,0,7935,0
0,Emotet,7,shipped (packaged corpus),5,0,0,0,7935,0
0,Emotet,7,yara-imphash,1,0,0,0,7935,0
0,Emotet,7,yara-v2,1,0,0,0,7935,0
0,Emotet,8,sigma-mvp,0,0,0,0,7935,0
0,Emotet,8,sigma-mvp + real neg,0,0,0,0,7935,0
0,Emotet,8,exact + real neg,3,0,0,0,7935,0
0,Emotet,8,ladder + synthetic neg,3,0.0017002,0.000252048,2,7935,0.00173561
0,Emotet,8,ladder + real neg (v2),3,0,0,0,7935,0
0,Emotet,8,"ladder + real neg, k=3",3,0,0,0,7935,0
0,Emotet,8,shipped (packaged corpus),3,0.0017002,0.000252048,2,7935,0.00173561
0,Emotet,8,yara-imphash,1,0,0,0,7935,0
0,Emotet,8,yara-v2,1,0,0,0,7935,0
0,Emotet,9,sigma-mvp,0,0,0,0,7935,0
0,Emotet,9,sigma-mvp + real neg,0,0,0,0,7935,0
0,Emotet,9,exact + real neg,3,0,0,0,7935,0
0,Emotet,9,ladder + synthetic neg,3,0,0,0,7935,0
0,Emotet,9,ladder + real neg (v2),3,0,0,0,7935,0
0,Emotet,9,"ladder + real neg, k=3",3,0,0,0,7935,0
0,Emotet,9,shipped (packaged corpus),3,0,0,0,7935,0
0,Emotet,9,yara-imphash,1,0,0,0,7935,0
0,Emotet,9,yara-v2,1,0,0,0,7935,0
0,Emotet,0,"v2, 5 runs pooled",3,0.00113347,0,0,7935,0.00115707
0,Lokibot,0,sigma-mvp,0,0,0,0,10779,0
0,Lokibot,0,sigma-mvp + real neg,0,0,0,0,10779,0
0,Lokibot,0,exact + real neg,6,0.613139,0,0,10779,0.635258
0,Lokibot,0,ladder + synthetic neg,6,0.616058,0.00946284,102,10779,0.638298
0,Lokibot,0,ladder + real neg (v2),6,0.613139,0,0,10779,0.635258
0,Lokibot,0,"ladder + real neg, k=3",3,0,0,0,10779,0
0,Lokibot,0,shipped (packaged corpus),6,0.613139,0,0,10779,0.635258
0,Lokibot,0,yara-imphash,1,0,0,0,10779,0
0,Lokibot,0,yara-v2,1,0,0.000463865,5,10779,0
0,Lokibot,1,sigma-mvp,0,0,0,0,10779,0
0,Lokibot,1,sigma-mvp + real neg,0,0,0,0,10779,0
0,Lokibot,1,exact + real neg,5,0.613139,0,0,10779,0.635258
0,Lokibot,1,ladder + synthetic neg,5,0.613139,0,0,10779,0.635258
0,Lokibot,1,ladder + real neg (v2),5,0.613139,0,0,10779,0.635258
0,Lokibot,1,"ladder + real neg, k=3",3,0.613139,0,0,10779,0.635258
0,Lokibot,1,shipped (packaged corpus),5,0.613139,0,0,10779,0.635258
0,Lokibot,1,yara-imphash,1,0,0,0,10779,0
0,Lokibot,1,yara-v2,1,0,0,0,10779,0
0,Lokibot,2,sigma-mvp,1,0.124088,0.052324,564,10779,0.129179
0,Lokibot,2,sigma-mvp + real neg,0,0,0,0,10779,0
0,Lokibot,2,exact + real neg,10,0.613139,0,0,10779,0.635258
0,Lokibot,2,ladder + synthetic neg,10,0.79562,0.422674,4556,10779,0.790274
0,Lokibot,2,ladder + real neg (v2),10,0.613139,0,0,10779,0.635258
0,Lokibot,2,"ladder + real neg, k=3",3,0,0,0,10779,0
0,Lokibot,2,shipped (packaged corpus),10,0.613139,0,0,10779,0.635258
0,Lokibot,2,yara-imphash,1,0,0,0,10779,0
0,Lokibot,2,yara-v2,1,0.00729927,0.000185546,2,10779,0.00759878
0,Lokibot,3,sigma-mvp,0,0,0,0,10779,0
0,Lokibot,3,sigma-mvp + real neg,0,0,0,0,10779,0
0,Lokibot,3,exact + real neg,4,0.613139,0,0,10779,0.635258
0,Lokibot,3,ladder + synthetic neg,4,0.613139,0,0,10779,0.635258
0,Lokibot,3,ladder + real neg (v2),4,0.613139,0,0,10779,0.635258
0,Lokibot,3,"ladder + real neg, k=3",3,0.613139,0,0,10779,0.635258
0,Lokibot,3,shipped (packaged corpus),4,0.613139,0,0,10779,0.635258
0,Lokibot,3,yara-imphash,1,0,0,0,10779,0
0,Lokibot,3,yara-v2,1,0,0,0,10779,0
0,Lokibot,4,sigma-mvp,0,0,0,0,10779,0
0,Lokibot,4,sigma-mvp + real neg,0,0,0,0,10779,0
0,Lokibot,4,exact + real neg,1,0,0,0,10779,0
0,Lokibot,4,ladder + synthetic neg,1,0,0,0,10779,0
0,Lokibot,4,ladder + real neg (v2),1,0,0,0,10779,0
0,Lokibot,4,"ladder + real neg, k=3",1,0,0,0,10779,0
0,Lokibot,4,shipped (packaged corpus),1,0,0,0,10779,0
0,Lokibot,4,yara-imphash,1,0,0,0,10779,0
0,Lokibot,4,yara-v2,1,0,0.000371092,4,10779,0
0,Lokibot,5,sigma-mvp,2,0.135766,0.0528806,570,10779,0.141337
0,Lokibot,5,sigma-mvp + real neg,0,0,0,0,10779,0
0,Lokibot,5,exact + real neg,6,0.0145985,0,0,10779,0.0151976
0,Lokibot,5,ladder + synthetic neg,8,0.0642336,0.0207811,224,10779,0.0638298
0,Lokibot,5,ladder + real neg (v2),6,0.0145985,0,0,10779,0.0151976
0,Lokibot,5,"ladder + real neg, k=3",3,0.00145985,0,0,10779,0.00151976
0,Lokibot,5,shipped (packaged corpus),6,0.0145985,0,0,10779,0.0151976
0,Lokibot,5,yara-imphash,1,0,0,0,10779,0
0,Lokibot,5,yara-v2,1,0,0,0,10779,0
0,Lokibot,6,sigma-mvp,0,0,0,0,10779,0
0,Lokibot,6,sigma-mvp + real neg,0,0,0,0,10779,0
0,Lokibot,6,exact + real neg,4,0.613139,0,0,10779,0.635258
0,Lokibot,6,ladder + synthetic neg,4,0.613139,0,0,10779,0.635258
0,Lokibot,6,ladder + real neg (v2),4,0.613139,0,0,10779,0.635258
0,Lokibot,6,"ladder + real neg, k=3",3,0.613139,0,0,10779,0.635258
0,Lokibot,6,shipped (packaged corpus),4,0.613139,0,0,10779,0.635258
0,Lokibot,6,yara-imphash,1,0,0,0,10779,0
0,Lokibot,6,yara-v2,1,0,0,0,10779,0
0,Lokibot,7,sigma-mvp,1,0.124088,0.052324,564,10779,0.129179
0,Lokibot,7,sigma-mvp + real neg,0,0,0,0,10779,0
0,Lokibot,7,exact + real neg,8,0.613139,0,0,10779,0.635258
0,Lokibot,7,ladder + synthetic neg,8,0.616058,0.0460154,496,10779,0.638298
0,Lokibot,7,ladder + real neg (v2),8,0.613139,0,0,10779,0.635258
0,Lokibot,7,"ladder + real neg, k=3",3,0,0,0,10779,0
0,Lokibot,7,shipped (packaged corpus),8,0.613139,0,0,10779,0.635258
0,Lokibot,7,yara-imphash,1,0,0,0,10779,0
0,Lokibot,7,yara-v2,1,0,0,0,10779,0
0,Lokibot,8,sigma-mvp,1,0.124088,0.052324,564,10779,0.129179
0,Lokibot,8,sigma-mvp + real neg,0,0,0,0,10779,0
0,Lokibot,8,exact + real neg,8,0.614599,0,0,10779,0.636778
0,Lokibot,8,ladder + synthetic neg,9,0.616058,0.0460154,496,10779,0.638298
0,Lokibot,8,ladder + real neg (v2),9,0.614599,0,0,10779,0.636778
0,Lokibot,8,"ladder + real neg, k=3",3,0.00291971,0,0,10779,0.00303951
0,Lokibot,8,shipped (packaged corpus),9,0.614599,0,0,10779,0.636778
0,Lokibot,8,yara-imphash,1,0,0,0,10779,0
0,Lokibot,8,yara-v2,1,0.0554745,0.000463865,5,10779,0.056231
0,Lokibot,9,sigma-mvp,1,0.124088,0.052324,564,10779,0.129179
0,Lokibot,9,sigma-mvp + real neg,0,0,0,0,10779,0
0,Lokibot,9,exact + real neg,9,0.613139,0,0,10779,0.635258
0,Lokibot,9,ladder + synthetic neg,9,0.620438,9.2773e-05,1,10779,0.642857
0,Lokibot,9,ladder + real neg (v2),9,0.613139,0,0,10779,0.635258
0,Lokibot,9,"ladder + real neg, k=3",3,0,0,0,10779,0
0,Lokibot,9,shipped (packaged corpus),9,0.613139,0,0,10779,0.635258
0,Lokibot,9,yara-imphash,1,0,0,0,10779,0
0,Lokibot,9,yara-v2,1,0,0,0,10779,0
0,Lokibot,0,"v2, 5 runs pooled",5.2,0.613139,0,0,10779,0.635258
0,Qakbot,0,sigma-mvp,1,0.984733,0.00641315,71,11071,0.984733
0,Qakbot,0,sigma-mvp + real neg,0,0,0,0,11071,0
0,Qakbot,0,exact + real neg,8,0.992366,0,0,11071,0.992366
0,Qakbot,0,ladder + synthetic neg,9,0.992366,0.387228,4287,11071,0.992366
0,Qakbot,0,ladder + real neg (v2),8,0.992366,9.03261e-05,1,11071,0.992366
0,Qakbot,0,"ladder + real neg, k=3",3,0.979644,0,0,11071,0.979644
0,Qakbot,0,shipped (packaged corpus),8,0.992366,0,0,11071,0.992366
0,Qakbot,0,yara-imphash,1,0,0,0,11071,0
0,Qakbot,0,yara-v2,1,0,0,0,11071,0
0,Qakbot,1,sigma-mvp,1,0.984733,0.00641315,71,11071,0.984733
0,Qakbot,1,sigma-mvp + real neg,0,0,0,0,11071,0
0,Qakbot,1,exact + real neg,8,0.984733,0,0,11071,0.984733
0,Qakbot,1,ladder + synthetic neg,9,0.992366,0.387228,4287,11071,0.992366
0,Qakbot,1,ladder + real neg (v2),8,0.984733,9.03261e-05,1,11071,0.984733
0,Qakbot,1,"ladder + real neg, k=3",3,0.0127226,0,0,11071,0.0127226
0,Qakbot,1,shipped (packaged corpus),8,0.984733,0,0,11071,0.984733
0,Qakbot,1,yara-imphash,1,0,0,0,11071,0
0,Qakbot,1,yara-v2,1,0,0,0,11071,0
0,Qakbot,2,sigma-mvp,3,0.989822,0.0456147,505,11071,0.989822
0,Qakbot,2,sigma-mvp + real neg,0,0,0,0,11071,0
0,Qakbot,2,exact + real neg,10,0.992366,0,0,11071,0.992366
0,Qakbot,2,ladder + synthetic neg,10,0.992366,0.452443,5009,11071,0.992366
0,Qakbot,2,ladder + real neg (v2),10,0.992366,9.03261e-05,1,11071,0.992366
0,Qakbot,2,"ladder + real neg, k=3",3,0.984733,0,0,11071,0.984733
0,Qakbot,2,shipped (packaged corpus),10,0.984733,0,0,11071,0.984733
0,Qakbot,2,yara-imphash,1,0,0,0,11071,0
0,Qakbot,2,yara-v2,1,0,0,0,11071,0
0,Qakbot,3,sigma-mvp,3,0.989822,0.0456147,505,11071,0.989822
0,Qakbot,3,sigma-mvp + real neg,0,0,0,0,11071,0
0,Qakbot,3,exact + real neg,10,0.984733,0.00045163,5,11071,0.984733
0,Qakbot,3,ladder + synthetic neg,10,0.992366,0.433204,4796,11071,0.992366
0,Qakbot,3,ladder + real neg (v2),10,0.938931,0.000541956,6,11071,0.938931
0,Qakbot,3,"ladder + real neg, k=3",3,0.0305344,0,0,11071,0.0305344
0,Qakbot,3,shipped (packaged corpus),10,0.987277,0,0,11071,0.987277
0,Qakbot,3,yara-imphash,1,0,0,0,11071,0
0,Qakbot,3,yara-v2,1,0,0,0,11071,0
0,Qakbot,4,sigma-mvp,1,0.984733,0.00641315,71,11071,0.984733
0,Qakbot,4,sigma-mvp + real neg,0,0,0,0,11071,0
0,Qakbot,4,exact + real neg,8,0.984733,0,0,11071,0.984733
0,Qakbot,4,ladder + synthetic neg,9,0.992366,0.387228,4287,11071,0.992366
0,Qakbot,4,ladder + real neg (v2),8,0.984733,9.03261e-05,1,11071,0.984733
0,Qakbot,4,"ladder + real neg, k=3",3,0.0127226,0,0,11071,0.0127226
0,Qakbot,4,shipped (packaged corpus),8,0.984733,0,0,11071,0.984733
0,Qakbot,4,yara-imphash,1,0,0,0,11071,0
0,Qakbot,4,yara-v2,1,0,0,0,11071,0
0,Qakbot,5,sigma-mvp,1,0.984733,0.00641315,71,11071,0.984733
0,Qakbot,5,sigma-mvp + real neg,0,0,0,0,11071,0
0,Qakbot,5,exact + real neg,8,0.992366,0,0,11071,0.992366
0,Qakbot,5,ladder + synthetic neg,8,0.992366,0.0173426,192,11071,0.992366
0,Qakbot,5,ladder + real neg (v2),8,0.992366,9.03261e-05,1,11071,0.992366
0,Qakbot,5,"ladder + real neg, k=3",3,0.979644,0,0,11071,0.979644
0,Qakbot,5,shipped (packaged corpus),8,0.992366,0,0,11071,0.992366
0,Qakbot,5,yara-imphash,1,0,0,0,11071,0
0,Qakbot,5,yara-v2,1,0,0,0,11071,0
0,Qakbot,6,sigma-mvp,1,0.984733,0.00641315,71,11071,0.984733
0,Qakbot,6,sigma-mvp + real neg,0,0,0,0,11071,0
0,Qakbot,6,exact + real neg,8,0.984733,0,0,11071,0.984733
0,Qakbot,6,ladder + synthetic neg,9,0.992366,0.387228,4287,11071,0.992366
0,Qakbot,6,ladder + real neg (v2),8,0.984733,9.03261e-05,1,11071,0.984733
0,Qakbot,6,"ladder + real neg, k=3",3,0.0127226,0,0,11071,0.0127226
0,Qakbot,6,shipped (packaged corpus),8,0.984733,0,0,11071,0.984733
0,Qakbot,6,yara-imphash,1,0,0,0,11071,0
0,Qakbot,6,yara-v2,1,0,0,0,11071,0
0,Qakbot,7,sigma-mvp,1,0.984733,0.00641315,71,11071,0.984733
0,Qakbot,7,sigma-mvp + real neg,0,0,0,0,11071,0
0,Qakbot,7,exact + real neg,8,0.984733,0,0,11071,0.984733
0,Qakbot,7,ladder + synthetic neg,9,0.992366,0.387228,4287,11071,0.992366
0,Qakbot,7,ladder + real neg (v2),8,0.984733,9.03261e-05,1,11071,0.984733
0,Qakbot,7,"ladder + real neg, k=3",3,0.0127226,0,0,11071,0.0127226
0,Qakbot,7,shipped (packaged corpus),8,0.984733,0,0,11071,0.984733
0,Qakbot,7,yara-imphash,1,0,0,0,11071,0
0,Qakbot,7,yara-v2,1,0,0,0,11071,0
0,Qakbot,8,sigma-mvp,3,0.989822,0.0456147,505,11071,0.989822
0,Qakbot,8,sigma-mvp + real neg,0,0,0,0,11071,0
0,Qakbot,8,exact + real neg,10,0.992366,0,0,11071,0.992366
0,Qakbot,8,ladder + synthetic neg,10,0.992366,0.452443,5009,11071,0.992366
0,Qakbot,8,ladder + real neg (v2),10,0.992366,9.03261e-05,1,11071,0.992366
0,Qakbot,8,"ladder + real neg, k=3",3,0.984733,0,0,11071,0.984733
0,Qakbot,8,shipped (packaged corpus),10,0.984733,0,0,11071,0.984733
0,Qakbot,8,yara-imphash,1,0,0,0,11071,0
0,Qakbot,8,yara-v2,1,0,0,0,11071,0
0,Qakbot,9,sigma-mvp,3,0.989822,0.0456147,505,11071,0.989822
0,Qakbot,9,sigma-mvp + real neg,0,0,0,0,11071,0
0,Qakbot,9,exact + real neg,10,0.19084,9.03261e-05,1,11071,0.19084
0,Qakbot,9,ladder + synthetic neg,10,0.992366,0.405022,4484,11071,0.992366
0,Qakbot,9,ladder + real neg (v2),10,0.941476,9.03261e-05,1,11071,0.941476
0,Qakbot,9,"ladder + real neg, k=3",3,0.0305344,0,0,11071,0.0305344
0,Qakbot,9,shipped (packaged corpus),10,0.628499,9.03261e-05,1,11071,0.628499
0,Qakbot,9,yara-imphash,1,0,0,0,11071,0
0,Qakbot,9,yara-v2,1,0,9.03261e-05,1,11071,0
0,Qakbot,0,"v2, 5 runs pooled",8.8,0.992366,0.000541956,6,11071,0.992366
0,Swisyn,0,sigma-mvp,0,0,0,0,7206,0
0,Swisyn,0,sigma-mvp + real neg,0,0,0,0,7206,0
0,Swisyn,0,exact + real neg,5,0.997651,0,0,7206,0.976923
0,Swisyn,0,ladder + synthetic neg,5,0.997651,0.0410769,296,7206,0.976923
0,Swisyn,0,ladder + real neg (v2),5,0.997651,0,0,7206,0.976923
0,Swisyn,0,"ladder + real neg, k=3",3,0.997417,0,0,7206,0.973077
0,Swisyn,0,shipped (packaged corpus),5,0.997651,0,0,7206,0.976923
0,Swisyn,0,yara-imphash,1,0.811884,0,0,7206,0.680769
0,Swisyn,0,yara-v2,1,0.813293,0,0,7206,0.692308
0,Swisyn,1,sigma-mvp,0,0,0,0,7206,0
0,Swisyn,1,sigma-mvp + real neg,0,0,0,0,7206,0
0,Swisyn,1,exact + real neg,5,0.997417,0,0,7206,0.973077
0,Swisyn,1,ladder + synthetic neg,5,0.997417,0,0,7206,0.973077
0,Swisyn,1,ladder + real neg (v2),5,0.997417,0,0,7206,0.973077
0,Swisyn,1,"ladder + real neg, k=3",3,0.997417,0,0,7206,0.973077
0,Swisyn,1,shipped (packaged corpus),5,0.997417,0,0,7206,0.973077
0,Swisyn,1,yara-imphash,1,0.175904,0,0,7206,0.257692
0,Swisyn,1,yara-v2,1,0.989667,0,0,7206,0.95
0,Swisyn,2,sigma-mvp,0,0,0,0,7206,0
0,Swisyn,2,sigma-mvp + real neg,0,0,0,0,7206,0
0,Swisyn,2,exact + real neg,5,0.997651,0,0,7206,0.976923
0,Swisyn,2,ladder + synthetic neg,5,0.997651,0.0410769,296,7206,0.976923
0,Swisyn,2,ladder + real neg (v2),5,0.997651,0,0,7206,0.976923
0,Swisyn,2,"ladder + real neg, k=3",3,0.997417,0,0,7206,0.973077
0,Swisyn,2,shipped (packaged corpus),5,0.997651,0,0,7206,0.976923
0,Swisyn,2,yara-imphash,1,0.811884,0,0,7206,0.680769
0,Swisyn,2,yara-v2,1,0.813293,0,0,7206,0.692308
0,Swisyn,3,sigma-mvp,0,0,0,0,7206,0
0,Swisyn,3,sigma-mvp + real neg,0,0,0,0,7206,0
0,Swisyn,3,exact + real neg,5,0.997651,0,0,7206,0.976923
0,Swisyn,3,ladder + synthetic neg,5,0.997651,0.0410769,296,7206,0.976923
0,Swisyn,3,ladder + real neg (v2),5,0.997651,0,0,7206,0.976923
0,Swisyn,3,"ladder + real neg, k=3",3,0.997417,0,0,7206,0.973077
0,Swisyn,3,shipped (packaged corpus),5,0.997651,0,0,7206,0.976923
0,Swisyn,3,yara-imphash,1,0.811884,0,0,7206,0.680769
0,Swisyn,3,yara-v2,1,0.813293,0,0,7206,0.692308
0,Swisyn,4,sigma-mvp,0,0,0,0,7206,0
0,Swisyn,4,sigma-mvp + real neg,0,0,0,0,7206,0
0,Swisyn,4,exact + real neg,5,0.997417,0,0,7206,0.973077
0,Swisyn,4,ladder + synthetic neg,5,0.997417,0,0,7206,0.973077
0,Swisyn,4,ladder + real neg (v2),5,0.997417,0,0,7206,0.973077
0,Swisyn,4,"ladder + real neg, k=3",3,0.997417,0,0,7206,0.973077
0,Swisyn,4,shipped (packaged corpus),5,0.997417,0,0,7206,0.973077
0,Swisyn,4,yara-imphash,1,0.175904,0,0,7206,0.257692
0,Swisyn,4,yara-v2,1,0.989667,0,0,7206,0.95
0,Swisyn,5,sigma-mvp,0,0,0,0,7206,0
0,Swisyn,5,sigma-mvp + real neg,0,0,0,0,7206,0
0,Swisyn,5,exact + real neg,5,0.997651,0,0,7206,0.976923
0,Swisyn,5,ladder + synthetic neg,5,0.997651,0.0410769,296,7206,0.976923
0,Swisyn,5,ladder + real neg (v2),5,0.997651,0,0,7206,0.976923
0,Swisyn,5,"ladder + real neg, k=3",3,0.997417,0,0,7206,0.973077
0,Swisyn,5,shipped (packaged corpus),5,0.997651,0,0,7206,0.976923
0,Swisyn,5,yara-imphash,1,0.811884,0,0,7206,0.680769
0,Swisyn,5,yara-v2,1,0.813293,0,0,7206,0.692308
0,Swisyn,6,sigma-mvp,0,0,0,0,7206,0
0,Swisyn,6,sigma-mvp + real neg,0,0,0,0,7206,0
0,Swisyn,6,exact + real neg,5,0.997651,0,0,7206,0.976923
0,Swisyn,6,ladder + synthetic neg,5,0.997651,0.0410769,296,7206,0.976923
0,Swisyn,6,ladder + real neg (v2),5,0.997651,0,0,7206,0.976923
0,Swisyn,6,"ladder + real neg, k=3",3,0.997417,0,0,7206,0.973077
0,Swisyn,6,shipped (packaged corpus),5,0.997651,0,0,7206,0.976923
0,Swisyn,6,yara-imphash,1,0.811884,0,0,7206,0.680769
0,Swisyn,6,yara-v2,1,0.813293,0,0,7206,0.692308
0,Swisyn,7,sigma-mvp,0,0,0,0,7206,0
0,Swisyn,7,sigma-mvp + real neg,0,0,0,0,7206,0
0,Swisyn,7,exact + real neg,5,0.997651,0,0,7206,0.976923
0,Swisyn,7,ladder + synthetic neg,5,0.997651,0.0410769,296,7206,0.976923
0,Swisyn,7,ladder + real neg (v2),5,0.997651,0,0,7206,0.976923
0,Swisyn,7,"ladder + real neg, k=3",3,0.997417,0,0,7206,0.973077
0,Swisyn,7,shipped (packaged corpus),5,0.997651,0,0,7206,0.976923
0,Swisyn,7,yara-imphash,1,0.811884,0,0,7206,0.680769
0,Swisyn,7,yara-v2,1,0.813293,0,0,7206,0.692308
0,Swisyn,8,sigma-mvp,0,0,0,0,7206,0
0,Swisyn,8,sigma-mvp + real neg,0,0,0,0,7206,0
0,Swisyn,8,exact + real neg,5,0.997651,0,0,7206,0.976923
0,Swisyn,8,ladder + synthetic neg,5,0.997651,0.0410769,296,7206,0.976923
0,Swisyn,8,ladder + real neg (v2),5,0.997651,0,0,7206,0.976923
0,Swisyn,8,"ladder + real neg, k=3",3,0.997417,0,0,7206,0.973077
0,Swisyn,8,shipped (packaged corpus),5,0.997651,0,0,7206,0.976923
0,Swisyn,8,yara-imphash,1,0.811884,0,0,7206,0.680769
0,Swisyn,8,yara-v2,1,0.813293,0,0,7206,0.692308
0,Swisyn,9,sigma-mvp,0,0,0,0,7206,0
0,Swisyn,9,sigma-mvp + real neg,0,0,0,0,7206,0
0,Swisyn,9,exact + real neg,5,0.997651,0,0,7206,0.976923
0,Swisyn,9,ladder + synthetic neg,5,0.997651,0.0410769,296,7206,0.976923
0,Swisyn,9,ladder + real neg (v2),5,0.997651,0,0,7206,0.976923
0,Swisyn,9,"ladder + real neg, k=3",3,0.997417,0,0,7206,0.973077
0,Swisyn,9,shipped (packaged corpus),5,0.997651,0,0,7206,0.976923
0,Swisyn,9,yara-imphash,1,0.811884,0,0,7206,0.680769
0,Swisyn,9,yara-v2,1,0.813293,0,0,7206,0.692308
0,Swisyn,0,"v2, 5 runs pooled",5,0.997651,0,0,7206,0.976923
0,Trickbot,0,sigma-mvp,1,0.00823353,0.0441351,447,10128,0.0106496
0,Trickbot,0,sigma-mvp + real neg,0,0,0,0,10128,0
0,Trickbot,0,exact + real neg,10,0.00823353,9.87362e-05,1,10128,0.0106496
0,Trickbot,0,ladder + synthetic neg,10,0.00973054,0.092812,940,10128,0.0127796
0,Trickbot,0,ladder + real neg (v2),10,0.00823353,9.87362e-05,1,10128,0.0106496
0,Trickbot,0,"ladder + real neg, k=3",3,0.000748503,9.87362e-05,1,10128,0.00106496
0,Trickbot,0,shipped (packaged corpus),10,0.00823353,9.87362e-05,1,10128,0.0106496
0,Trickbot,0,yara-imphash,1,0,0,0,10128,0
0,Trickbot,0,yara-v2,1,0.183383,0.0484795,491,10128,0.260916
0,Trickbot,1,sigma-mvp,1,0.00823353,0.0441351,447,10128,0.0106496
0,Trickbot,1,sigma-mvp + real neg,0,0,0,0,10128,0
0,Trickbot,1,exact + real neg,10,0.00823353,9.87362e-05,1,10128,0.0106496
0,Trickbot,1,ladder + synthetic neg,10,0.00973054,0.092812,940,10128,0.0127796
0,Trickbot,1,ladder + real neg (v2),10,0.00823353,9.87362e-05,1,10128,0.0106496
0,Trickbot,1,"ladder + real neg, k=3",3,0.000748503,9.87362e-05,1,10128,0.00106496
0,Trickbot,1,shipped (packaged corpus),10,0.00823353,9.87362e-05,1,10128,0.0106496
0,Trickbot,1,yara-imphash,1,0,0,0,10128,0
0,Trickbot,1,yara-v2,1,0,0,0,10128,0
0,Trickbot,2,sigma-mvp,0,0,0,0,10128,0
0,Trickbot,2,sigma-mvp + real neg,0,0,0,0,10128,0
0,Trickbot,2,exact + real neg,4,0,0,0,10128,0
0,Trickbot,2,ladder + synthetic neg,4,0,0.000296209,3,10128,0
0,Trickbot,2,ladder + real neg (v2),4,0,0,0,10128,0
0,Trickbot,2,"ladder + real neg, k=3",3,0,0,0,10128,0
0,Trickbot,2,shipped (packaged corpus),4,0,0,0,10128,0
0,Trickbot,2,yara-imphash,1,0,0,0,10128,0
0,Trickbot,2,yara-v2,1,0,0,0,10128,0
0,Trickbot,3,sigma-mvp,1,0.00823353,0.0441351,447,10128,0.0106496
0,Trickbot,3,sigma-mvp + real neg,0,0,0,0,10128,0
0,Trickbot,3,exact + real neg,10,0.00823353,9.87362e-05,1,10128,0.0106496
0,Trickbot,3,ladder + synthetic neg,10,0.00973054,0.092812,940,10128,0.0127796
0,Trickbot,3,ladder + real neg (v2),10,0.00823353,9.87362e-05,1,10128,0.0106496
0,Trickbot,3,"ladder + real neg, k=3",3,0.000748503,9.87362e-05,1,10128,0.00106496
0,Trickbot,3,shipped (packaged corpus),10,0.00823353,9.87362e-05,1,10128,0.0106496
0,Trickbot,3,yara-imphash,1,0,0,0,10128,0
0,Trickbot,3,yara-v2,1,0,0,0,10128,0
0,Trickbot,4,sigma-mvp,1,0.00823353,0.0441351,447,10128,0.0106496
0,Trickbot,4,sigma-mvp + real neg,0,0,0,0,10128,0
0,Trickbot,4,exact + real neg,10,0.00823353,9.87362e-05,1,10128,0.0106496
0,Trickbot,4,ladder + synthetic neg,10,0.00973054,0.092812,940,10128,0.0127796
0,Trickbot,4,ladder + real neg (v2),10,0.00823353,9.87362e-05,1,10128,0.0106496
0,Trickbot,4,"ladder + real neg, k=3",3,0.000748503,9.87362e-05,1,10128,0.00106496
0,Trickbot,4,shipped (packaged corpus),10,0.00823353,9.87362e-05,1,10128,0.0106496
0,Trickbot,4,yara-imphash,1,0,0,0,10128,0
0,Trickbot,4,yara-v2,1,0,0,0,10128,0
0,Trickbot,5,sigma-mvp,1,0.00823353,0.0441351,447,10128,0.0106496
0,Trickbot,5,sigma-mvp + real neg,0,0,0,0,10128,0
0,Trickbot,5,exact + real neg,10,0.00823353,9.87362e-05,1,10128,0.0106496
0,Trickbot,5,ladder + synthetic neg,10,0.00973054,0.092812,940,10128,0.0127796
0,Trickbot,5,ladder + real neg (v2),10,0.00823353,9.87362e-05,1,10128,0.0106496
0,Trickbot,5,"ladder + real neg, k=3",3,0.000748503,9.87362e-05,1,10128,0.00106496
0,Trickbot,5,shipped (packaged corpus),10,0.00823353,9.87362e-05,1,10128,0.0106496
0,Trickbot,5,yara-imphash,1,0,0,0,10128,0
0,Trickbot,5,yara-v2,1,0,0,0,10128,0
0,Trickbot,6,sigma-mvp,1,0.00823353,0.0441351,447,10128,0.0106496
0,Trickbot,6,sigma-mvp + real neg,0,0,0,0,10128,0
0,Trickbot,6,exact + real neg,10,0.00823353,9.87362e-05,1,10128,0.0106496
0,Trickbot,6,ladder + synthetic neg,10,0.00973054,0.092812,940,10128,0.0127796
0,Trickbot,6,ladder + real neg (v2),10,0.00823353,9.87362e-05,1,10128,0.0106496
0,Trickbot,6,"ladder + real neg, k=3",3,0.000748503,9.87362e-05,1,10128,0.00106496
0,Trickbot,6,shipped (packaged corpus),10,0.00823353,9.87362e-05,1,10128,0.0106496
0,Trickbot,6,yara-imphash,1,0,0,0,10128,0
0,Trickbot,6,yara-v2,1,0.00149701,0.0177725,180,10128,0.00212993
0,Trickbot,7,sigma-mvp,1,0.00823353,0.0441351,447,10128,0.0106496
0,Trickbot,7,sigma-mvp + real neg,0,0,0,0,10128,0
0,Trickbot,7,exact + real neg,10,0.00823353,0,0,10128,0.0106496
0,Trickbot,7,ladder + synthetic neg,10,0.00973054,0.092812,940,10128,0.0127796
0,Trickbot,7,ladder + real neg (v2),10,0.00823353,0,0,10128,0.0106496
0,Trickbot,7,"ladder + real neg, k=3",3,0.00523952,0,0,10128,0.00745474
0,Trickbot,7,shipped (packaged corpus),10,0.00823353,0,0,10128,0.0106496
0,Trickbot,7,yara-imphash,1,0,0,0,10128,0
0,Trickbot,7,yara-v2,1,0,9.87362e-05,1,10128,0
0,Trickbot,8,sigma-mvp,1,0.00823353,0.0441351,447,10128,0.0106496
0,Trickbot,8,sigma-mvp + real neg,0,0,0,0,10128,0
0,Trickbot,8,exact + real neg,10,0.00823353,0,0,10128,0.0106496
0,Trickbot,8,ladder + synthetic neg,10,0.00898204,0.0441351,447,10128,0.0117146
0,Trickbot,8,ladder + real neg (v2),10,0.00823353,0,0,10128,0.0106496
0,Trickbot,8,"ladder + real neg, k=3",3,0,0,0,10128,0
0,Trickbot,8,shipped (packaged corpus),10,0.00823353,0,0,10128,0.0106496
0,Trickbot,8,yara-imphash,1,0,0,0,10128,0
0,Trickbot,8,yara-v2,1,0.0396707,0,0,10128,0.056443
0,Trickbot,9,sigma-mvp,1,0.00823353,0.0441351,447,10128,0.0106496
0,Trickbot,9,sigma-mvp + real neg,0,0,0,0,10128,0
0,Trickbot,9,exact + real neg,10,0.00823353,0,0,10128,0.0106496
0,Trickbot,9,ladder + synthetic neg,9,0.00898204,0.0441351,447,10128,0.0117146
0,Trickbot,9,ladder + real neg (v2),10,0.00823353,0,0,10128,0.0106496
0,Trickbot,9,"ladder + real neg, k=3",3,0.00823353,0,0,10128,0.0106496
0,Trickbot,9,shipped (packaged corpus),10,0.00823353,0,0,10128,0.0106496
0,Trickbot,9,yara-imphash,1,0,0,0,10128,0
0,Trickbot,9,yara-v2,1,0,0,0,10128,0
0,Trickbot,0,"v2, 5 runs pooled",8.8,0.00823353,9.87362e-05,1,10128,0.0106496
0,Ursnif,0,sigma-mvp,0,0,0,0,10962,0
0,Ursnif,0,sigma-mvp + real neg,0,0,0,0,10962,0
0,Ursnif,0,exact + real neg,5,0,0,0,10962,0
0,Ursnif,0,ladder + synthetic neg,5,0,0,0,10962,0
0,Ursnif,0,ladder + real neg (v2),5,0,0,0,10962,0
0,Ursnif,0,"ladder + real neg, k=3",3,0,0,0,10962,0
0,Ursnif,0,shipped (packaged corpus),5,0,0,0,10962,0
0,Ursnif,0,yara-imphash,1,0,0,0,10962,0
0,Ursnif,0,yara-v2,1,0,0,0,10962,0
0,Ursnif,1,sigma-mvp,0,0,0,0,10962,0
0,Ursnif,1,sigma-mvp + real neg,0,0,0,0,10962,0
0,Ursnif,1,exact + real neg,5,0.00796813,0,0,10962,0.00798403
0,Ursnif,1,ladder + synthetic neg,5,0.0438247,0.0455209,499,10962,0.0439122
0,Ursnif,1,ladder + real neg (v2),5,0.0438247,0,0,10962,0.0439122
0,Ursnif,1,"ladder + real neg, k=3",3,0.0418327,0,0,10962,0.0419162
0,Ursnif,1,shipped (packaged corpus),5,0.0438247,0,0,10962,0.0439122
0,Ursnif,1,yara-imphash,1,0,0,0,10962,0
0,Ursnif,1,yara-v2,1,0,0,0,10962,0
0,Ursnif,2,sigma-mvp,0,0,0,0,10962,0
0,Ursnif,2,sigma-mvp + real neg,0,0,0,0,10962,0
0,Ursnif,2,exact + real neg,4,0.00796813,0,0,10962,0.00798403
0,Ursnif,2,ladder + synthetic neg,4,0.0438247,0.0455209,499,10962,0.0439122
0,Ursnif,2,ladder + real neg (v2),4,0.0438247,0,0,10962,0.0439122
0,Ursnif,2,"ladder + real neg, k=3",3,0.0398406,0,0,10962,0.0399202
0,Ursnif,2,shipped (packaged corpus),4,0.0438247,0,0,10962,0.0439122
0,Ursnif,2,yara-imphash,1,0,0,0,10962,0
0,Ursnif,2,yara-v2,1,0,0,0,10962,0
0,Ursnif,3,sigma-mvp,2,0.00398406,0.07526,825,10962,0.00399202
0,Ursnif,3,sigma-mvp + real neg,0,0,0,0,10962,0
0,Ursnif,3,exact + real neg,10,0.00199203,0,0,10962,0.00199601
0,Ursnif,3,ladder + synthetic neg,10,0.00199203,0.0654078,717,10962,0.00199601
0,Ursnif,3,ladder + real neg (v2),10,0.0059761,0,0,10962,0.00598802
0,Ursnif,3,"ladder + real neg, k=3",3,0,0,0,10962,0
0,Ursnif,3,shipped (packaged corpus),10,0.0059761,0,0,10962,0.00598802
0,Ursnif,3,yara-imphash,1,0,0,0,10962,0
0,Ursnif,3,yara-v2,1,0,0,0,10962,0
0,Ursnif,4,sigma-mvp,2,0.00398406,0.07526,825,10962,0.00399202
0,Ursnif,4,sigma-mvp + real neg,0,0,0,0,10962,0
0,Ursnif,4,exact + real neg,7,0.00796813,0,0,10962,0.00798403
0,Ursnif,4,ladder + synthetic neg,8,0.00796813,0.0603904,662,10962,0.00798403
0,Ursnif,4,ladder + real neg (v2),7,0.00796813,0,0,10962,0.00798403
0,Ursnif,4,"ladder + real neg, k=3",3,0,0,0,10962,0
0,Ursnif,4,shipped (packaged corpus),7,0.00796813,0,0,10962,0.00798403
0,Ursnif,4,yara-imphash,1,0,0,0,10962,0
0,Ursnif,4,yara-v2,1,0,0,0,10962,0
0,Ursnif,5,sigma-mvp,2,0.00398406,0.07526,825,10962,0.00399202
0,Ursnif,5,sigma-mvp + real neg,0,0,0,0,10962,0
0,Ursnif,5,exact + real neg,9,0.00796813,0,0,10962,0.00798403
0,Ursnif,5,ladder + synthetic neg,10,0.00199203,0.0820106,899,10962,0.00199601
0,Ursnif,5,ladder + real neg (v2),9,0.00796813,0,0,10962,0.00798403
0,Ursnif,5,"ladder + real neg, k=3",3,0.0059761,0,0,10962,0.00598802
0,Ursnif,5,shipped (packaged corpus),9,0.00796813,0,0,10962,0.00798403
0,Ursnif,5,yara-imphash,1,0,0,0,10962,0
0,Ursnif,5,yara-v2,1,0,0,0,10962,0
0,Ursnif,6,sigma-mvp,0,0,0,0,10962,0
0,Ursnif,6,sigma-mvp + real neg,0,0,0,0,10962,0
0,Ursnif,6,exact + real neg,2,0.00796813,0,0,10962,0.00798403
0,Ursnif,6,ladder + synthetic neg,3,0.00796813,0.054917,602,10962,0.00798403
0,Ursnif,6,ladder + real neg (v2),2,0.00796813,0,0,10962,0.00798403
0,Ursnif,6,"ladder + real neg, k=3",2,0.00796813,0,0,10962,0.00798403
0,Ursnif,6,shipped (packaged corpus),2,0.00796813,0,0,10962,0.00798403
0,Ursnif,6,yara-imphash,1,0,0,0,10962,0
0,Ursnif,6,yara-v2,1,0,0,0,10962,0
0,Ursnif,7,sigma-mvp,0,0,0,0,10962,0
0,Ursnif,7,sigma-mvp + real neg,0,0,0,0,10962,0
0,Ursnif,7,exact + real neg,5,0.00796813,0,0,10962,0.00798403
0,Ursnif,7,ladder + synthetic neg,5,0.0438247,0.0455209,499,10962,0.0439122
0,Ursnif,7,ladder + real neg (v2),5,0.0438247,0,0,10962,0.0439122
0,Ursnif,7,"ladder + real neg, k=3",3,0.0059761,0,0,10962,0.00598802
0,Ursnif,7,shipped (packaged corpus),5,0.0438247,0,0,10962,0.0439122
0,Ursnif,7,yara-imphash,1,0,0,0,10962,0
0,Ursnif,7,yara-v2,1,0,0,0,10962,0
0,Ursnif,8,sigma-mvp,2,0.00398406,0.07526,825,10962,0.00399202
0,Ursnif,8,sigma-mvp + real neg,0,0,0,0,10962,0
0,Ursnif,8,exact + real neg,6,0.00796813,0,0,10962,0.00798403
0,Ursnif,8,ladder + synthetic neg,6,0.00796813,0.051268,562,10962,0.00798403
0,Ursnif,8,ladder + real neg (v2),6,0.00796813,0,0,10962,0.00798403
0,Ursnif,8,"ladder + real neg, k=3",3,0,0,0,10962,0
0,Ursnif,8,shipped (packaged corpus),6,0.00796813,0,0,10962,0.00798403
0,Ursnif,8,yara-imphash,1,0,0,0,10962,0
0,Ursnif,8,yara-v2,1,0,0,0,10962,0
0,Ursnif,9,sigma-mvp,0,0,0,0,10962,0
0,Ursnif,9,sigma-mvp + real neg,0,0,0,0,10962,0
0,Ursnif,9,exact + real neg,4,0.00796813,0,0,10962,0.00798403
0,Ursnif,9,ladder + synthetic neg,4,0.0438247,0.0455209,499,10962,0.0439122
0,Ursnif,9,ladder + real neg (v2),4,0.0438247,0,0,10962,0.0439122
0,Ursnif,9,"ladder + real neg, k=3",3,0.0418327,0,0,10962,0.0419162
0,Ursnif,9,shipped (packaged corpus),4,0.0438247,0,0,10962,0.0439122
0,Ursnif,9,yara-imphash,1,0,0,0,10962,0
0,Ursnif,9,yara-v2,1,0,0,0,10962,0
0,Ursnif,0,"v2, 5 runs pooled",6.2,0.0438247,0,0,10962,0.0439122
0,Zeus,0,sigma-mvp,1,0.472222,0.0513251,581,11320,0.448276
0,Zeus,0,sigma-mvp + real neg,0,0,0,0,11320,0
0,Zeus,0,exact + real neg,2,0.3125,8.83392e-05,1,11320,0.0344828
0,Zeus,0,ladder + synthetic neg,3,0.569444,0.452739,5125,11320,0.655172
0,Zeus,0,ladder + real neg (v2),3,0.3125,0.000176678,2,11320,0.0344828
0,Zeus,0,"ladder + real neg, k=3",3,0.3125,0.000176678,2,11320,0.0344828
0,Zeus,0,shipped (packaged corpus),3,0.3125,0.000176678,2,11320,0.0344828
0,Zeus,0,yara-imphash,1,0.0208333,0,0,11320,0
0,Zeus,0,yara-v2,1,0.0208333,0,0,11320,0
0,Zeus,1,sigma-mvp,2,0.520833,0.0664311,752,11320,0.568966
0,Zeus,1,sigma-mvp + real neg,0,0,0,0,11320,0
0,Zeus,1,exact + real neg,10,0.0138889,0,0,11320,0.0344828
0,Zeus,1,ladder + synthetic neg,10,0.201389,0.0694346,786,11320,0.5
0,Zeus,1,ladder + real neg (v2),10,0.0138889,0,0,11320,0.0344828
0,Zeus,1,"ladder + real neg, k=3",3,0,0,0,11320,0
0,Zeus,1,shipped (packaged corpus),10,0.0138889,0,0,11320,0.0344828
0,Zeus,1,yara-imphash,1,0,0,0,11320,0
0,Zeus,1,yara-v2,1,0,0,0,11320,0
0,Zeus,2,sigma-mvp,1,0.194444,0.0379859,430,11320,0.482759
0,Zeus,2,sigma-mvp + real neg,0,0,0,0,11320,0
0,Zeus,2,exact + real neg,10,0.0138889,0,0,11320,0.0344828
0,Zeus,2,ladder + synthetic neg,10,0.194444,0.0380742,431,11320,0.482759
0,Zeus,2,ladder + real neg (v2),10,0.0138889,0,0,11320,0.0344828
0,Zeus,2,"ladder + real neg, k=3",3,0,0,0,11320,0
0,Zeus,2,shipped (packaged corpus),10,0.0138889,0,0,11320,0.0344828
0,Zeus,2,yara-imphash,1,0,0,0,11320,0
0,Zeus,2,yara-v2,1,0,0,0,11320,0
0,Zeus,3,sigma-mvp,1,0.194444,0.0379859,430,11320,0.482759
0,Zeus,3,sigma-mvp + real neg,0,0,0,0,11320,0
0,Zeus,3,exact + real neg,2,0,0,0,11320,0
0,Zeus,3,ladder + synthetic neg,2,0.194444,0.0380742,431,11320,0.482759
0,Zeus,3,ladder + real neg (v2),2,0,0,0,11320,0
0,Zeus,3,"ladder + real neg, k=3",2,0,0,0,11320,0
0,Zeus,3,shipped (packaged corpus),2,0,0,0,11320,0
0,Zeus,3,yara-imphash,1,0,0,0,11320,0
0,Zeus,3,yara-v2,1,0,0,0,11320,0
0,Zeus,4,sigma-mvp,1,0.194444,0.0379859,430,11320,0.482759
0,Zeus,4,sigma-mvp + real neg,0,0,0,0,11320,0
0,Zeus,4,exact + real neg,2,0,0,0,11320,0
0,Zeus,4,ladder + synthetic neg,2,0.194444,0.0380742,431,11320,0.482759
0,Zeus,4,ladder + real neg (v2),2,0,0,0,11320,0
0,Zeus,4,"ladder + real neg, k=3",2,0,0,0,11320,0
0,Zeus,4,shipped (packaged corpus),2,0,0,0,11320,0
0,Zeus,4,yara-imphash,1,0,0,0,11320,0
0,Zeus,4,yara-v2,1,0,0,0,11320,0
0,Zeus,5,sigma-mvp,1,0.472222,0.0513251,581,11320,0.448276
0,Zeus,5,sigma-mvp + real neg,0,0,0,0,11320,0
0,Zeus,5,exact + real neg,8,0.0208333,8.83392e-05,1,11320,0.0517241
0,Zeus,5,ladder + synthetic neg,10,0.152778,0.158746,1797,11320,0.37931
0,Zeus,5,ladder + real neg (v2),8,0.0208333,8.83392e-05,1,11320,0.0517241
0,Zeus,5,"ladder + real neg, k=3",3,0,0,0,11320,0
0,Zeus,5,shipped (packaged corpus),8,0.0208333,8.83392e-05,1,11320,0.0517241
0,Zeus,5,yara-imphash,1,0,0,0,11320,0
0,Zeus,5,yara-v2,1,0,0,0,11320,0
0,Zeus,6,sigma-mvp,1,0.472222,0.0513251,581,11320,0.448276
0,Zeus,6,sigma-mvp + real neg,0,0,0,0,11320,0
0,Zeus,6,exact + real neg,8,0.0208333,8.83392e-05,1,11320,0.0517241
0,Zeus,6,ladder + synthetic neg,10,0.152778,0.158746,1797,11320,0.37931
0,Zeus,6,ladder + real neg (v2),8,0.0208333,8.83392e-05,1,11320,0.0517241
0,Zeus,6,"ladder + real neg, k=3",3,0,0,0,11320,0
0,Zeus,6,shipped (packaged corpus),8,0.0208333,8.83392e-05,1,11320,0.0517241
0,Zeus,6,yara-imphash,1,0,0,0,11320,0
0,Zeus,6,yara-v2,1,0,0,0,11320,0
0,Zeus,7,sigma-mvp,1,0.194444,0.0379859,430,11320,0.482759
0,Zeus,7,sigma-mvp + real neg,0,0,0,0,11320,0
0,Zeus,7,exact + real neg,2,0.0138889,0,0,11320,0.0344828
0,Zeus,7,ladder + synthetic neg,2,0.194444,0.0380742,431,11320,0.482759
0,Zeus,7,ladder + real neg (v2),2,0.0138889,0,0,11320,0.0344828
0,Zeus,7,"ladder + real neg, k=3",2,0.0138889,0,0,11320,0.0344828
0,Zeus,7,shipped (packaged corpus),2,0.0138889,0,0,11320,0.0344828
0,Zeus,7,yara-imphash,1,0,0,0,11320,0
0,Zeus,7,yara-v2,1,0,0,0,11320,0
0,Zeus,8,sigma-mvp,1,0.194444,0.0379859,430,11320,0.482759
0,Zeus,8,sigma-mvp + real neg,0,0,0,0,11320,0
0,Zeus,8,exact + real neg,10,0.0138889,0,0,11320,0.0344828
0,Zeus,8,ladder + synthetic neg,10,0.201389,0.0469965,532,11320,0.5
0,Zeus,8,ladder + real neg (v2),10,0.0138889,0,0,11320,0.0344828
0,Zeus,8,"ladder + real neg, k=3",3,0,0,0,11320,0
0,Zeus,8,shipped (packaged corpus),10,0.0138889,0,0,11320,0.0344828
0,Zeus,8,yara-imphash,1,0,0,0,11320,0
0,Zeus,8,yara-v2,1,0,0,0,11320,0
0,Zeus,9,sigma-mvp,0,0,0,0,11320,0
0,Zeus,9,sigma-mvp + real neg,0,0,0,0,11320,0
0,Zeus,9,exact + real neg,1,0,0,0,11320,0
0,Zeus,9,ladder + synthetic neg,1,0,0,0,11320,0
0,Zeus,9,ladder + real neg (v2),1,0,0,0,11320,0
0,Zeus,9,"ladder + real neg, k=3",1,0,0,0,11320,0
0,Zeus,9,shipped (packaged corpus),1,0,0,0,11320,0
0,Zeus,9,yara-imphash,1,0.00694444,0.000441696,5,11320,0.0172414
0,Zeus,9,yara-v2,0,0,0,0,11320,0
0,Zeus,0,"v2, 5 runs pooled",5.4,0.326389,0.000176678,2,11320,0.0689655
0,njRAT,0,sigma-mvp,1,0.372007,0.0409303,447,10921,0.408998
0,njRAT,0,sigma-mvp + real neg,0,0,0,0,10921,0
0,njRAT,0,exact + real neg,10,0.388582,9.15667e-05,1,10921,0.411043
0,njRAT,0,ladder + synthetic neg,10,0.46593,0.0355279,388,10921,0.496933
0,njRAT,0,ladder + real neg (v2),10,0.388582,0.000183133,2,10921,0.411043
0,njRAT,0,"ladder + real neg, k=3",3,0,0,0,10921,0
0,njRAT,0,shipped (packaged corpus),10,0.388582,0.000183133,2,10921,0.411043
0,njRAT,0,yara-imphash,1,0,9.15667e-05,1,10921,0
0,njRAT,0,yara-v2,1,0,9.15667e-05,1,10921,0
0,njRAT,1,sigma-mvp,1,0.372007,0.0409303,447,10921,0.408998
0,njRAT,1,sigma-mvp + real neg,0,0,0,0,10921,0
0,njRAT,1,exact + real neg,10,0.28361,9.15667e-05,1,10921,0.294479
0,njRAT,1,ladder + synthetic neg,10,0.703499,0.506639,5533,10921,0.717791
0,njRAT,1,ladder + real neg (v2),10,0.305709,0.000457834,5,10921,0.319018
0,njRAT,1,"ladder + real neg, k=3",3,0.0368324,0.0002747,3,10921,0.0408998
0,njRAT,1,shipped (packaged corpus),10,0.401473,0.000183133,2,10921,0.425358
0,njRAT,1,yara-imphash,1,0.00552486,0,0,10921,0.00613497
0,njRAT,1,yara-v2,0,0,0,0,10921,0
0,njRAT,2,sigma-mvp,1,0.372007,0.0409303,447,10921,0.408998
0,njRAT,2,sigma-mvp + real neg,0,0,0,0,10921,0
0,njRAT,2,exact + real neg,10,0.388582,9.15667e-05,1,10921,0.411043
0,njRAT,2,ladder + synthetic neg,10,0.449355,0.0304917,333,10921,0.478528
0,njRAT,2,ladder + real neg (v2),10,0.388582,0.000183133,2,10921,0.411043
0,njRAT,2,"ladder + real neg, k=3",3,0.279926,9.15667e-05,1,10921,0.290389
0,njRAT,2,shipped (packaged corpus),10,0.388582,0.000183133,2,10921,0.411043
0,njRAT,2,yara-imphash,1,0.014733,9.15667e-05,1,10921,0.0122699
0,njRAT,2,yara-v2,1,0.014733,9.15667e-05,1,10921,0.0122699
0,njRAT,3,sigma-mvp,1,0.372007,0.0409303,447,10921,0.408998
0,njRAT,3,sigma-mvp + real neg,0,0,0,0,10921,0
0,njRAT,3,exact + real neg,10,0.372007,0,0,10921,0.392638
0,njRAT,3,ladder + synthetic neg,8,0.758748,0.506639,5533,10921,0.779141
0,njRAT,3,ladder + real neg (v2),10,0.441989,0.00485304,53,10921,0.470348
0,njRAT,3,"ladder + real neg, k=3",3,0.151013,0.00476147,52,10921,0.167689
0,njRAT,3,shipped (packaged corpus),10,0.381215,9.15667e-05,1,10921,0.402863
0,njRAT,3,yara-imphash,1,0.0165746,0,0,10921,0.0184049
0,njRAT,3,yara-v2,1,0.14733,0.00228917,25,10921,0.159509
0,njRAT,4,sigma-mvp,2,0.12523,0.0223423,244,10921,0.100204
0,njRAT,4,sigma-mvp + real neg,1,0,0,0,10921,0
0,njRAT,4,exact + real neg,7,0.458564,0,0,10921,0.458078
0,njRAT,4,ladder + synthetic neg,9,0.655617,0.0290266,317,10921,0.631902
0,njRAT,4,ladder + real neg (v2),7,0.458564,0,0,10921,0.458078
0,njRAT,4,"ladder + real neg, k=3",3,0.458564,0,0,10921,0.458078
0,njRAT,4,shipped (packaged corpus),7,0.458564,0,0,10921,0.458078
0,njRAT,4,yara-imphash,1,0.384899,0.00787474,86,10921,0.376278
0,njRAT,4,yara-v2,0,0,0,0,10921,0
0,njRAT,5,sigma-mvp,1,0.372007,0.0409303,447,10921,0.408998
0,njRAT,5,sigma-mvp + real neg,0,0,0,0,10921,0
0,njRAT,5,exact + real neg,10,0.278085,9.15667e-05,1,10921,0.288344
0,njRAT,5,ladder + synthetic neg,10,0.703499,0.506639,5533,10921,0.717791
0,njRAT,5,ladder + real neg (v2),10,0.278085,0.000183133,2,10921,0.288344
0,njRAT,5,"ladder + real neg, k=3",3,0,0,0,10921,0
0,njRAT,5,shipped (packaged corpus),10,0.292818,0.0002747,3,10921,0.304703
0,njRAT,5,yara-imphash,1,0.00368324,0,0,10921,0.00408998
0,njRAT,5,yara-v2,1,0.00368324,0,0,10921,0.00408998
0,njRAT,6,sigma-mvp,0,0,0,0,10921,0
0,njRAT,6,sigma-mvp + real neg,0,0,0,0,10921,0
0,njRAT,6,exact + real neg,2,0.11418,0.000183133,2,10921,0.0879346
0,njRAT,6,ladder + synthetic neg,2,0.11418,0.000183133,2,10921,0.0879346
0,njRAT,6,ladder + real neg (v2),2,0.11418,0.000183133,2,10921,0.0879346
0,njRAT,6,"ladder + real neg, k=3",2,0.11418,0.000183133,2,10921,0.0879346
0,njRAT,6,shipped (packaged corpus),0,0,0,0,10921,0
0,njRAT,6,yara-imphash,1,0.384899,0.00787474,86,10921,0.376278
0,njRAT,6,yara-v2,0,0,0,0,10921,0
0,njRAT,7,sigma-mvp,1,0.372007,0.0409303,447,10921,0.408998
0,njRAT,7,sigma-mvp + real neg,0,0,0,0,10921,0
0,njRAT,7,exact + real neg,10,0.388582,9.15667e-05,1,10921,0.411043
0,njRAT,7,ladder + synthetic neg,10,0.769797,0.506913,5536,10921,0.791411
0,njRAT,7,ladder + real neg (v2),10,0.45488,0.0046699,51,10921,0.484663
0,njRAT,7,"ladder + real neg, k=3",3,0.141805,0.00448677,49,10921,0.157464
0,njRAT,7,shipped (packaged corpus),10,0.388582,0.000183133,2,10921,0.411043
0,njRAT,7,yara-imphash,1,0.101289,0.0021976,24,10921,0.110429
0,njRAT,7,yara-v2,1,0.101289,0.0021976,24,10921,0.110429
0,njRAT,8,sigma-mvp,1,0.12523,0.0223423,244,10921,0.100204
0,njRAT,8,sigma-mvp + real neg,0,0,0,0,10921,0
0,njRAT,8,exact + real neg,7,0.390424,0.0002747,3,10921,0.413088
0,njRAT,8,ladder + synthetic neg,9,0.565378,0.0537497,587,10921,0.576687
0,njRAT,8,ladder + real neg (v2),7,0.429098,0.00128193,14,10921,0.456033
0,njRAT,8,"ladder + real neg, k=3",3,0.429098,0.00119037,13,10921,0.456033
0,njRAT,8,shipped (packaged corpus),7,0.390424,0.0002747,3,10921,0.413088
0,njRAT,8,yara-imphash,1,0.0202578,0,0,10921,0.0224949
0,njRAT,8,yara-v2,1,0.0202578,0,0,10921,0.0224949
0,njRAT,9,sigma-mvp,1,0.372007,0.0409303,447,10921,0.408998
0,njRAT,9,sigma-mvp + real neg,0,0,0,0,10921,0
0,njRAT,9,exact + real neg,10,0.281768,9.15667e-05,1,10921,0.292434
0,njRAT,9,ladder + synthetic neg,10,0.705341,0.506913,5536,10921,0.719836
0,njRAT,9,ladder + real neg (v2),10,0.278085,0.000183133,2,10921,0.288344
0,njRAT,9,"ladder + real neg, k=3",3,0.00184162,0,0,10921,0.00204499
0,njRAT,9,shipped (packaged corpus),10,0.278085,0.000183133,2,10921,0.288344
0,njRAT,9,yara-imphash,1,0.014733,9.15667e-05,1,10921,0.0122699
0,njRAT,9,yara-v2,1,0.014733,9.15667e-05,1,10921,0.0122699
0,njRAT,0,"v2, 5 runs pooled",9.4,0.548803,0.00503617,55,10921,0.558282
1,Adload,0,sigma-mvp,0,0,0,0,11459,0
1,Adload,0,sigma-mvp + real neg,0,0,0,0,11459,0
1,Adload,0,exact + real neg,1,0,0,0,11459,0
1,Adload,0,ladder + synthetic neg,1,0,0,0,11459,0
1,Adload,0,ladder + real neg (v2),1,0,0,0,11459,0
1,Adload,0,"ladder + real neg, k=3",1,0,0,0,11459,0
1,Adload,0,shipped (packaged corpus),1,0,0,0,11459,0
1,Adload,0,yara-imphash,1,0,0,0,11459,0
1,Adload,0,yara-v2,1,0,0,0,11459,0
1,Adload,1,sigma-mvp,0,0,0,0,11459,0
1,Adload,1,sigma-mvp + real neg,0,0,0,0,11459,0
1,Adload,1,exact + real neg,2,0.2,0,0,11459,0
1,Adload,1,ladder + synthetic neg,2,0.2,0,0,11459,0
1,Adload,1,ladder + real neg (v2),2,0.2,0,0,11459,0
1,Adload,1,"ladder + real neg, k=3",2,0.2,0,0,11459,0
1,Adload,1,shipped (packaged corpus),2,0.2,0,0,11459,0
1,Adload,1,yara-imphash,1,0,0,0,11459,0
1,Adload,1,yara-v2,1,0,0,0,11459,0
1,Adload,2,sigma-mvp,0,0,0,0,11459,0
1,Adload,2,sigma-mvp + real neg,0,0,0,0,11459,0
1,Adload,2,exact + real neg,1,0,0,0,11459,0
1,Adload,2,ladder + synthetic neg,1,0,0,0,11459,0
1,Adload,2,ladder + real neg (v2),1,0,0,0,11459,0
1,Adload,2,"ladder + real neg, k=3",1,0,0,0,11459,0
1,Adload,2,shipped (packaged corpus),1,0,0,0,11459,0
1,Adload,2,yara-imphash,1,0,0,0,11459,0
1,Adload,2,yara-v2,1,0.2,0,0,11459,0.25
1,Adload,3,sigma-mvp,0,0,0,0,11459,0
1,Adload,3,sigma-mvp + real neg,0,0,0,0,11459,0
1,Adload,3,exact + real neg,1,0,0,0,11459,0
1,Adload,3,ladder + synthetic neg,1,0,0,0,11459,0
1,Adload,3,ladder + real neg (v2),1,0,0,0,11459,0
1,Adload,3,"ladder + real neg, k=3",1,0,0,0,11459,0
1,Adload,3,shipped (packaged corpus),1,0,0,0,11459,0
1,Adload,3,yara-imphash,1,0,0,0,11459,0
1,Adload,3,yara-v2,1,0,0,0,11459,0
1,Adload,4,sigma-mvp,0,0,0,0,11459,0
1,Adload,4,sigma-mvp + real neg,0,0,0,0,11459,0
1,Adload,4,exact + real neg,1,0,0,0,11459,0
1,Adload,4,ladder + synthetic neg,1,0,0,0,11459,0
1,Adload,4,ladder + real neg (v2),1,0,0,0,11459,0
1,Adload,4,"ladder + real neg, k=3",1,0,0,0,11459,0
1,Adload,4,shipped (packaged corpus),1,0,0,0,11459,0
1,Adload,4,yara-imphash,1,0,0,0,11459,0
1,Adload,4,yara-v2,1,0.2,0,0,11459,0.25
1,Adload,5,sigma-mvp,0,0,0,0,11459,0
1,Adload,5,sigma-mvp + real neg,0,0,0,0,11459,0
1,Adload,5,exact + real neg,1,0,0,0,11459,0
1,Adload,5,ladder + synthetic neg,1,0,0,0,11459,0
1,Adload,5,ladder + real neg (v2),1,0,0,0,11459,0
1,Adload,5,"ladder + real neg, k=3",1,0,0,0,11459,0
1,Adload,5,shipped (packaged corpus),1,0,0,0,11459,0
1,Adload,5,yara-imphash,1,0,0,0,11459,0
1,Adload,5,yara-v2,1,0,0,0,11459,0
1,Adload,6,sigma-mvp,0,0,0,0,11459,0
1,Adload,6,sigma-mvp + real neg,0,0,0,0,11459,0
1,Adload,6,exact + real neg,1,0,0,0,11459,0
1,Adload,6,ladder + synthetic neg,1,0,0,0,11459,0
1,Adload,6,ladder + real neg (v2),1,0,0,0,11459,0
1,Adload,6,"ladder + real neg, k=3",1,0,0,0,11459,0
1,Adload,6,shipped (packaged corpus),1,0,0,0,11459,0
1,Adload,6,yara-imphash,1,0,0,0,11459,0
1,Adload,6,yara-v2,1,0,0,0,11459,0
1,Adload,7,sigma-mvp,0,0,0,0,11459,0
1,Adload,7,sigma-mvp + real neg,0,0,0,0,11459,0
1,Adload,7,exact + real neg,1,0,0,0,11459,0
1,Adload,7,ladder + synthetic neg,1,0,0,0,11459,0
1,Adload,7,ladder + real neg (v2),1,0,0,0,11459,0
1,Adload,7,"ladder + real neg, k=3",1,0,0,0,11459,0
1,Adload,7,shipped (packaged corpus),1,0,0,0,11459,0
1,Adload,7,yara-imphash,1,0,0,0,11459,0
1,Adload,7,yara-v2,1,0,0,0,11459,0
1,Adload,8,sigma-mvp,0,0,0,0,11459,0
1,Adload,8,sigma-mvp + real neg,0,0,0,0,11459,0
1,Adload,8,exact + real neg,1,0,0,0,11459,0
1,Adload,8,ladder + synthetic neg,1,0,0,0,11459,0
1,Adload,8,ladder + real neg (v2),1,0,0,0,11459,0
1,Adload,8,"ladder + real neg, k=3",1,0,0,0,11459,0
1,Adload,8,shipped (packaged corpus),1,0,0,0,11459,0
1,Adload,8,yara-imphash,1,0,0,0,11459,0
1,Adload,8,yara-v2,1,0,0,0,11459,0
1,Adload,9,sigma-mvp,0,0,0,0,11459,0
1,Adload,9,sigma-mvp + real neg,0,0,0,0,11459,0
1,Adload,9,exact + real neg,1,0,0,0,11459,0
1,Adload,9,ladder + synthetic neg,1,0,0,0,11459,0
1,Adload,9,ladder + real neg (v2),1,0,0,0,11459,0
1,Adload,9,"ladder + real neg, k=3",1,0,0,0,11459,0
1,Adload,9,shipped (packaged corpus),1,0,0,0,11459,0
1,Adload,9,yara-imphash,1,0,0,0,11459,0
1,Adload,9,yara-v2,1,0,0,0,11459,0
1,Adload,0,"v2, 5 runs pooled",1.2,0.2,0,0,11459,0
1,Emotet,0,sigma-mvp,0,0,0,0,7935,0
1,Emotet,0,sigma-mvp + real neg,0,0,0,0,7935,0
1,Emotet,0,exact + real neg,1,0,0,0,7935,0
1,Emotet,0,ladder + synthetic neg,1,0,0,0,7935,0
1,Emotet,0,ladder + real neg (v2),1,0,0,0,7935,0
1,Emotet,0,"ladder + real neg, k=3",1,0,0,0,7935,0
1,Emotet,0,shipped (packaged corpus),1,0,0,0,7935,0
1,Emotet,0,yara-imphash,1,0,0,0,7935,0
1,Emotet,0,yara-v2,1,0,0,0,7935,0
1,Emotet,1,sigma-mvp,0,0,0,0,7935,0
1,Emotet,1,sigma-mvp + real neg,0,0,0,0,7935,0
1,Emotet,1,exact + real neg,3,0,0,0,7935,0
1,Emotet,1,ladder + synthetic neg,3,0,0,0,7935,0
1,Emotet,1,ladder + real neg (v2),3,0,0,0,7935,0
1,Emotet,1,"ladder + real neg, k=3",3,0,0,0,7935,0
1,Emotet,1,shipped (packaged corpus),3,0,0,0,7935,0
1,Emotet,1,yara-imphash,1,0,0,0,7935,0
1,Emotet,1,yara-v2,1,0,0,0,7935,0
1,Emotet,2,sigma-mvp,0,0,0,0,7935,0
1,Emotet,2,sigma-mvp + real neg,0,0,0,0,7935,0
1,Emotet,2,exact + real neg,3,0.000850099,0,0,7935,0.000867804
1,Emotet,2,ladder + synthetic neg,10,0.217625,0.00378072,30,7935,0.221869
1,Emotet,2,ladder + real neg (v2),3,0.000850099,0,0,7935,0.000867804
1,Emotet,2,"ladder + real neg, k=3",3,0.000850099,0,0,7935,0.000867804
1,Emotet,2,shipped (packaged corpus),3,0.000850099,0,0,7935,0.000867804
1,Emotet,2,yara-imphash,0,0,0,0,7935,0
1,Emotet,2,yara-v2,0,0,0,0,7935,0
1,Emotet,3,sigma-mvp,0,0,0,0,7935,0
1,Emotet,3,sigma-mvp + real neg,0,0,0,0,7935,0
1,Emotet,3,exact + real neg,3,0,0,0,7935,0
1,Emotet,3,ladder + synthetic neg,3,0.0017002,0.000252048,2,7935,0.00173561
1,Emotet,3,ladder + real neg (v2),3,0.0017002,0.000252048,2,7935,0.00173561
1,Emotet,3,"ladder + real neg, k=3",3,0.0017002,0.000252048,2,7935,0.00173561
1,Emotet,3,shipped (packaged corpus),3,0.0017002,0.000252048,2,7935,0.00173561
1,Emotet,3,yara-imphash,1,0,0,0,7935,0
1,Emotet,3,yara-v2,1,0,0.000252048,2,7935,0
1,Emotet,4,sigma-mvp,0,0,0,0,7935,0
1,Emotet,4,sigma-mvp + real neg,0,0,0,0,7935,0
1,Emotet,4,exact + real neg,3,0.00113347,0,0,7935,0.00115707
1,Emotet,4,ladder + synthetic neg,7,0.43185,0.0374291,297,7935,0.440266
1,Emotet,4,ladder + real neg (v2),3,0.0017002,0.000252048,2,7935,0.00173561
1,Emotet,4,"ladder + real neg, k=3",3,0.0017002,0.000252048,2,7935,0.00173561
1,Emotet,4,shipped (packaged corpus),3,0.0017002,0.000252048,2,7935,0.00173561
1,Emotet,4,yara-imphash,1,0,0,0,7935,0
1,Emotet,4,yara-v2,1,0,0,0,7935,0
1,Emotet,5,sigma-mvp,0,0,0,0,7935,0
1,Emotet,5,sigma-mvp + real neg,0,0,0,0,7935,0
1,Emotet,5,exact + real neg,3,0.00113347,0,0,7935,0.00115707
1,Emotet,5,ladder + synthetic neg,10,0.479173,0.0441084,350,7935,0.488574
1,Emotet,5,ladder + real neg (v2),3,0.0017002,0.000252048,2,7935,0.00173561
1,Emotet,5,"ladder + real neg, k=3",3,0.0017002,0.000252048,2,7935,0.00173561
1,Emotet,5,shipped (packaged corpus),3,0.0017002,0.000252048,2,7935,0.00173561
1,Emotet,5,yara-imphash,1,0,0,0,7935,0
1,Emotet,5,yara-v2,1,0,0,0,7935,0
1,Emotet,6,sigma-mvp,0,0,0,0,7935,0
1,Emotet,6,sigma-mvp + real neg,0,0,0,0,7935,0
1,Emotet,6,exact + real neg,2,0.00113347,0,0,7935,0.00115707
1,Emotet,6,ladder + synthetic neg,6,0.43185,0.0374291,297,7935,0.440266
1,Emotet,6,ladder + real neg (v2),2,0.0017002,0.000252048,2,7935,0.00173561
1,Emotet,6,"ladder + real neg, k=3",2,0.0017002,0.000252048,2,7935,0.00173561
1,Emotet,6,shipped (packaged corpus),2,0.0017002,0.000252048,2,7935,0.00173561
1,Emotet,6,yara-imphash,1,0,0,0,7935,0
1,Emotet,6,yara-v2,1,0,0,0,7935,0
1,Emotet,7,sigma-mvp,0,0,0,0,7935,0
1,Emotet,7,sigma-mvp + real neg,0,0,0,0,7935,0
1,Emotet,7,exact + real neg,3,0,0,0,7935,0
1,Emotet,7,ladder + synthetic neg,10,0.217059,0.00378072,30,7935,0.22129
1,Emotet,7,ladder + real neg (v2),3,0,0,0,7935,0
1,Emotet,7,"ladder + real neg, k=3",3,0,0,0,7935,0
1,Emotet,7,shipped (packaged corpus),3,0,0,0,7935,0
1,Emotet,7,yara-imphash,1,0,0,0,7935,0
1,Emotet,7,yara-v2,1,0,0,0,7935,0
1,Emotet,8,sigma-mvp,1,0,0.057719,458,7935,0
1,Emotet,8,sigma-mvp + real neg,0,0,0,0,7935,0
1,Emotet,8,exact + real neg,3,0.00113347,0,0,7935,0.00115707
1,Emotet,8,ladder + synthetic neg,7,0.43185,0.0374291,297,7935,0.440266
1,Emotet,8,ladder + real neg (v2),3,0.0017002,0.000252048,2,7935,0.00173561
1,Emotet,8,"ladder + real neg, k=3",3,0.0017002,0.000252048,2,7935,0.00173561
1,Emotet,8,shipped (packaged corpus),3,0.0017002,0.000252048,2,7935,0.00173561
1,Emotet,8,yara-imphash,1,0,0,0,7935,0
1,Emotet,8,yara-v2,1,0,0,0,7935,0
1,Emotet,9,sigma-mvp,0,0,0,0,7935,0
1,Emotet,9,sigma-mvp + real neg,0,0,0,0,7935,0
1,Emotet,9,exact + real neg,3,0,0,0,7935,0
1,Emotet,9,ladder + synthetic neg,3,0.0017002,0.000252048,2,7935,0.00173561
1,Emotet,9,ladder + real neg (v2),3,0.0017002,0.000252048,2,7935,0.00173561
1,Emotet,9,"ladder + real neg, k=3",3,0.0017002,0.000252048,2,7935,0.00173561
1,Emotet,9,shipped (packaged corpus),3,0.0017002,0.000252048,2,7935,0.00173561
1,Emotet,9,yara-imphash,1,0,0,0,7935,0
1,Emotet,9,yara-v2,1,0,0,0,7935,0
1,Emotet,0,"v2, 5 runs pooled",2.6,0.0025503,0.000252048,2,7935,0.00260341
1,Lokibot,0,sigma-mvp,1,0.0116788,0.0417478,450,10779,0.00911854
1,Lokibot,0,sigma-mvp + real neg,0,0,0,0,10779,0
1,Lokibot,0,exact + real neg,5,0.613139,0,0,10779,0.635258
1,Lokibot,0,ladder + synthetic neg,10,0.645255,0.0658688,710,10779,0.668693
1,Lokibot,0,ladder + real neg (v2),5,0.613139,0,0,10779,0.635258
1,Lokibot,0,"ladder + real neg, k=3",3,0.00291971,0,0,10779,0
1,Lokibot,0,shipped (packaged corpus),8,0.621898,0,0,10779,0.644377
1,Lokibot,0,yara-imphash,1,0.0145985,0.00621579,67,10779,0.0121581
1,Lokibot,0,yara-v2,0,0,0,0,10779,0
1,Lokibot,1,sigma-mvp,0,0,0,0,10779,0
1,Lokibot,1,sigma-mvp + real neg,0,0,0,0,10779,0
1,Lokibot,1,exact + real neg,5,0.613139,0,0,10779,0.635258
1,Lokibot,1,ladder + synthetic neg,5,0.613139,0,0,10779,0.635258
1,Lokibot,1,ladder + real neg (v2),5,0.613139,0,0,10779,0.635258
1,Lokibot,1,"ladder + real neg, k=3",3,0.613139,0,0,10779,0.635258
1,Lokibot,1,shipped (packaged corpus),5,0.613139,0,0,10779,0.635258
1,Lokibot,1,yara-imphash,1,0,0,0,10779,0
1,Lokibot,1,yara-v2,1,0,0,0,10779,0
1,Lokibot,2,sigma-mvp,0,0,0,0,10779,0
1,Lokibot,2,sigma-mvp + real neg,0,0,0,0,10779,0
1,Lokibot,2,exact + real neg,1,0,0,0,10779,0
1,Lokibot,2,ladder + synthetic neg,1,0,0,0,10779,0
1,Lokibot,2,ladder + real neg (v2),1,0,0,0,10779,0
1,Lokibot,2,"ladder + real neg, k=3",1,0,0,0,10779,0
1,Lokibot,2,shipped (packaged corpus),1,0,0,0,10779,0
1,Lokibot,2,yara-imphash,1,0,0,0,10779,0
1,Lokibot,2,yara-v2,1,0,0,0,10779,0
1,Lokibot,3,sigma-mvp,0,0,0,0,10779,0
1,Lokibot,3,sigma-mvp + real neg,0,0,0,0,10779,0
1,Lokibot,3,exact + real neg,5,0.613139,0,0,10779,0.635258
1,Lokibot,3,ladder + synthetic neg,5,0.613139,0,0,10779,0.635258
1,Lokibot,3,ladder + real neg (v2),5,0.613139,0,0,10779,0.635258
1,Lokibot,3,"ladder + real neg, k=3",3,0.613139,0,0,10779,0.635258
1,Lokibot,3,shipped (packaged corpus),5,0.613139,0,0,10779,0.635258
1,Lokibot,3,yara-imphash,1,0,0,0,10779,0
1,Lokibot,3,yara-v2,1,0,0,0,10779,0
1,Lokibot,4,sigma-mvp,0,0,0,0,10779,0
1,Lokibot,4,sigma-mvp + real neg,0,0,0,0,10779,0
1,Lokibot,4,exact + real neg,1,0,0,0,10779,0
1,Lokibot,4,ladder + synthetic neg,1,0,0,0,10779,0
1,Lokibot,4,ladder + real neg (v2),1,0,0,0,10779,0
1,Lokibot,4,"ladder + real neg, k=3",1,0,0,0,10779,0
1,Lokibot,4,shipped (packaged corpus),1,0,0,0,10779,0
1,Lokibot,4,yara-imphash,1,0,0,0,10779,0
1,Lokibot,4,yara-v2,1,0,0,0,10779,0
1,Lokibot,5,sigma-mvp,0,0,0,0,10779,0
1,Lokibot,5,sigma-mvp + real neg,0,0,0,0,10779,0
1,Lokibot,5,exact + real neg,7,0.613139,0,0,10779,0.635258
1,Lokibot,5,ladder + synthetic neg,7,0.613139,0,0,10779,0.635258
1,Lokibot,5,ladder + real neg (v2),7,0.613139,0,0,10779,0.635258
1,Lokibot,5,"ladder + real neg, k=3",3,0,0,0,10779,0
1,Lokibot,5,shipped (packaged corpus),7,0.613139,0,0,10779,0.635258
1,Lokibot,5,yara-imphash,1,0,0,0,10779,0
1,Lokibot,5,yara-v2,1,0,0,0,10779,0
1,Lokibot,6,sigma-mvp,0,0,0,0,10779,0
1,Lokibot,6,sigma-mvp + real neg,0,0,0,0,10779,0
1,Lokibot,6,exact + real neg,1,0,0,0,10779,0
1,Lokibot,6,ladder + synthetic neg,1,0,0,0,10779,0
1,Lokibot,6,ladder + real neg (v2),1,0,0,0,10779,0
1,Lokibot,6,"ladder + real neg, k=3",1,0,0,0,10779,0
1,Lokibot,6,shipped (packaged corpus),1,0,0,0,10779,0
1,Lokibot,6,yara-imphash,1,0,0,0,10779,0
1,Lokibot,6,yara-v2,1,0,0,0,10779,0
1,Lokibot,7,sigma-mvp,1,0,0.0289452,312,10779,0
1,Lokibot,7,sigma-mvp + real neg,0,0,0,0,10779,0
1,Lokibot,7,exact + real neg,10,0.00145985,0,0,10779,0.00151976
1,Lokibot,7,ladder + synthetic neg,10,0.0116788,0.0333055,359,10779,0.0121581
1,Lokibot,7,ladder + real neg (v2),10,0.00145985,0,0,10779,0.00151976
1,Lokibot,7,"ladder + real neg, k=3",3,0,0,0,10779,0
1,Lokibot,7,shipped (packaged corpus),10,0.00145985,0,0,10779,0.00151976
1,Lokibot,7,yara-imphash,1,0,0.000278319,3,10779,0
1,Lokibot,7,yara-v2,1,0,0.000278319,3,10779,0
1,Lokibot,8,sigma-mvp,0,0,0,0,10779,0
1,Lokibot,8,sigma-mvp + real neg,0,0,0,0,10779,0
1,Lokibot,8,exact + real neg,5,0.613139,0,0,10779,0.635258
1,Lokibot,8,ladder + synthetic neg,5,0.613139,0,0,10779,0.635258
1,Lokibot,8,ladder + real neg (v2),5,0.613139,0,0,10779,0.635258
1,Lokibot,8,"ladder + real neg, k=3",3,0.613139,0,0,10779,0.635258
1,Lokibot,8,shipped (packaged corpus),5,0.613139,0,0,10779,0.635258
1,Lokibot,8,yara-imphash,1,0,0,0,10779,0
1,Lokibot,8,yara-v2,1,0,0,0,10779,0
1,Lokibot,9,sigma-mvp,0,0,0,0,10779,0
1,Lokibot,9,sigma-mvp + real neg,0,0,0,0,10779,0
1,Lokibot,9,exact + real neg,5,0.613139,0,0,10779,0.635258
1,Lokibot,9,ladder + synthetic neg,5,0.613139,0,0,10779,0.635258
1,Lokibot,9,ladder + real neg (v2),5,0.613139,0,0,10779,0.635258
1,Lokibot,9,"ladder + real neg, k=3",3,0.613139,0,0,10779,0.635258
1,Lokibot,9,shipped (packaged corpus),5,0.613139,0,0,10779,0.635258
1,Lokibot,9,yara-imphash,1,0,0,0,10779,0
1,Lokibot,9,yara-v2,1,0,0,0,10779,0
1,Lokibot,0,"v2, 5 runs pooled",3.4,0.613139,0,0,10779,0.635258
1,Qakbot,0,sigma-mvp,3,0.989822,0.0456147,505,11071,0.989822
1,Qakbot,0,sigma-mvp + real neg,0,0,0,0,11071,0
1,Qakbot,0,exact + real neg,10,0.984733,0,0,11071,0.984733
1,Qakbot,0,ladder + synthetic neg,10,0.992366,0.403667,4469,11071,0.992366
1,Qakbot,0,ladder + real neg (v2),10,0.928753,9.03261e-05,1,11071,0.928753
1,Qakbot,0,"ladder + real neg, k=3",3,0.0305344,0,0,11071,0.0305344
1,Qakbot,0,shipped (packaged corpus),10,0.628499,0,0,11071,0.628499
1,Qakbot,0,yara-imphash,1,0,0,0,11071,0
1,Qakbot,0,yara-v2,1,0,0,0,11071,0
1,Qakbot,1,sigma-mvp,1,0.984733,0.00641315,71,11071,0.984733
1,Qakbot,1,sigma-mvp + real neg,0,0,0,0,11071,0
1,Qakbot,1,exact + real neg,8,0.992366,0,0,11071,0.992366
1,Qakbot,1,ladder + synthetic neg,8,0.992366,0.0173426,192,11071,0.992366
1,Qakbot,1,ladder + real neg (v2),8,0.992366,9.03261e-05,1,11071,0.992366
1,Qakbot,1,"ladder + real neg, k=3",3,0.979644,0,0,11071,0.979644
1,Qakbot,1,shipped (packaged corpus),8,0.992366,0,0,11071,0.992366
1,Qakbot,1,yara-imphash,1,0,0,0,11071,0
1,Qakbot,1,yara-v2,1,0,0,0,11071,0
1,Qakbot,2,sigma-mvp,1,0.984733,0.00641315,71,11071,0.984733
1,Qakbot,2,sigma-mvp + real neg,0,0,0,0,11071,0
1,Qakbot,2,exact + real neg,8,0.992366,0,0,11071,0.992366
1,Qakbot,2,ladder + synthetic neg,8,0.992366,0.0173426,192,11071,0.992366
1,Qakbot,2,ladder + real neg (v2),8,0.992366,9.03261e-05,1,11071,0.992366
1,Qakbot,2,"ladder + real neg, k=3",3,0.979644,0,0,11071,0.979644
1,Qakbot,2,shipped (packaged corpus),8,0.992366,0,0,11071,0.992366
1,Qakbot,2,yara-imphash,1,0,0,0,11071,0
1,Qakbot,2,yara-v2,1,0,0,0,11071,0
1,Qakbot,3,sigma-mvp,1,0.984733,0.00641315,71,11071,0.984733
1,Qakbot,3,sigma-mvp + real neg,0,0,0,0,11071,0
1,Qakbot,3,exact + real neg,8,0.984733,0,0,11071,0.984733
1,Qakbot,3,ladder + synthetic neg,8,0.992366,0.0173426,192,11071,0.992366
1,Qakbot,3,ladder + real neg (v2),8,0.984733,9.03261e-05,1,11071,0.984733
1,Qakbot,3,"ladder + real neg, k=3",3,0.0127226,0,0,11071,0.0127226
1,Qakbot,3,shipped (packaged corpus),8,0.984733,0,0,11071,0.984733
1,Qakbot,3,yara-imphash,0,0,0,0,11071,0
1,Qakbot,3,yara-v2,0,0,0,0,11071,0
1,Qakbot,4,sigma-mvp,1,0.984733,0.00641315,71,11071,0.984733
1,Qakbot,4,sigma-mvp + real neg,0,0,0,0,11071,0
1,Qakbot,4,exact + real neg,8,0.992366,0,0,11071,0.992366
1,Qakbot,4,ladder + synthetic neg,8,0.992366,0.0173426,192,11071,0.992366
1,Qakbot,4,ladder + real neg (v2),8,0.992366,9.03261e-05,1,11071,0.992366
1,Qakbot,4,"ladder + real neg, k=3",3,0.979644,0,0,11071,0.979644
1,Qakbot,4,shipped (packaged corpus),8,0.992366,0,0,11071,0.992366
1,Qakbot,4,yara-imphash,1,0,0,0,11071,0
1,Qakbot,4,yara-v2,1,0,0,0,11071,0
1,Qakbot,5,sigma-mvp,1,0.984733,0.00641315,71,11071,0.984733
1,Qakbot,5,sigma-mvp + real neg,0,0,0,0,11071,0
1,Qakbot,5,exact + real neg,8,0.992366,0,0,11071,0.992366
1,Qakbot,5,ladder + synthetic neg,9,0.992366,0.387228,4287,11071,0.992366
1,Qakbot,5,ladder + real neg (v2),8,0.992366,9.03261e-05,1,11071,0.992366
1,Qakbot,5,"ladder + real neg, k=3",3,0.979644,0,0,11071,0.979644
1,Qakbot,5,shipped (packaged corpus),8,0.992366,0,0,11071,0.992366
1,Qakbot,5,yara-imphash,1,0,0,0,11071,0
1,Qakbot,5,yara-v2,1,0,0,0,11071,0
1,Qakbot,6,sigma-mvp,3,0.989822,0.0456147,505,11071,0.989822
1,Qakbot,6,sigma-mvp + real neg,0,0,0,0,11071,0
1,Qakbot,6,exact + real neg,10,0.984733,0,0,11071,0.984733
1,Qakbot,6,ladder + synthetic neg,10,0.992366,0.452443,5009,11071,0.992366
1,Qakbot,6,ladder + real neg (v2),10,0.928753,9.03261e-05,1,11071,0.928753
1,Qakbot,6,"ladder + real neg, k=3",3,0.0305344,0,0,11071,0.0305344
1,Qakbot,6,shipped (packaged corpus),10,0.628499,0,0,11071,0.628499
1,Qakbot,6,yara-imphash,1,0,0,0,11071,0
1,Qakbot,6,yara-v2,1,0,0,0,11071,0
1,Qakbot,7,sigma-mvp,1,0.984733,0.00641315,71,11071,0.984733
1,Qakbot,7,sigma-mvp + real neg,0,0,0,0,11071,0
1,Qakbot,7,exact + real neg,8,0.992366,0,0,11071,0.992366
1,Qakbot,7,ladder + synthetic neg,8,0.992366,0.0173426,192,11071,0.992366
1,Qakbot,7,ladder + real neg (v2),8,0.992366,9.03261e-05,1,11071,0.992366
1,Qakbot,7,"ladder + real neg, k=3",3,0.979644,0,0,11071,0.979644
1,Qakbot,7,shipped (packaged corpus),8,0.992366,0,0,11071,0.992366
1,Qakbot,7,yara-imphash,1,0,0,0,11071,0
1,Qakbot,7,yara-v2,1,0,0,0,11071,0
1,Qakbot,8,sigma-mvp,1,0.984733,0.00641315,71,11071,0.984733
1,Qakbot,8,sigma-mvp + real neg,0,0,0,0,11071,0
1,Qakbot,8,exact + real neg,8,0.992366,0,0,11071,0.992366
1,Qakbot,8,ladder + synthetic neg,8,0.992366,0.0173426,192,11071,0.992366
1,Qakbot,8,ladder + real neg (v2),8,0.992366,9.03261e-05,1,11071,0.992366
1,Qakbot,8,"ladder + real neg, k=3",3,0.979644,0,0,11071,0.979644
1,Qakbot,8,shipped (packaged corpus),8,0.992366,0,0,11071,0.992366
1,Qakbot,8,yara-imphash,1,0,0,0,11071,0
1,Qakbot,8,yara-v2,1,0,0,0,11071,0
1,Qakbot,9,sigma-mvp,3,0.989822,0.0456147,505,11071,0.989822
1,Qakbot,9,sigma-mvp + real neg,0,0,0,0,11071,0
1,Qakbot,9,exact + real neg,10,0.992366,0,0,11071,0.992366
1,Qakbot,9,ladder + synthetic neg,10,0.992366,0.452443,5009,11071,0.992366
1,Qakbot,9,ladder + real neg (v2),10,0.992366,9.03261e-05,1,11071,0.992366
1,Qakbot,9,"ladder + real neg, k=3",3,0.984733,0,0,11071,0.984733
1,Qakbot,9,shipped (packaged corpus),10,0.984733,0,0,11071,0.984733
1,Qakbot,9,yara-imphash,1,0,0,0,11071,0
1,Qakbot,9,yara-v2,1,0,0,0,11071,0
1,Qakbot,0,"v2, 5 runs pooled",8.4,0.992366,9.03261e-05,1,11071,0.992366
1,Swisyn,0,sigma-mvp,0,0,0,0,7206,0
1,Swisyn,0,sigma-mvp + real neg,0,0,0,0,7206,0
1,Swisyn,0,exact + real neg,5,0.997651,0,0,7206,0.976923
1,Swisyn,0,ladder + synthetic neg,5,0.997651,0.0410769,296,7206,0.976923
1,Swisyn,0,ladder + real neg (v2),5,0.997651,0,0,7206,0.976923
1,Swisyn,0,"ladder + real neg, k=3",3,0.997417,0,0,7206,0.973077
1,Swisyn,0,shipped (packaged corpus),5,0.997651,0,0,7206,0.976923
1,Swisyn,0,yara-imphash,1,0.811884,0,0,7206,0.680769
1,Swisyn,0,yara-v2,1,0.813293,0,0,7206,0.692308
1,Swisyn,1,sigma-mvp,0,0,0,0,7206,0
1,Swisyn,1,sigma-mvp + real neg,0,0,0,0,7206,0
1,Swisyn,1,exact + real neg,5,0.997651,0,0,7206,0.976923
1,Swisyn,1,ladder + synthetic neg,5,0.997651,0.0410769,296,7206,0.976923
1,Swisyn,1,ladder + real neg (v2),5,0.997651,0,0,7206,0.976923
1,Swisyn,1,"ladder + real neg, k=3",3,0.997417,0,0,7206,0.973077
1,Swisyn,1,shipped (packaged corpus),5,0.997651,0,0,7206,0.976923
1,Swisyn,1,yara-imphash,1,0.811884,0,0,7206,0.680769
1,Swisyn,1,yara-v2,1,0.813293,0,0,7206,0.692308
1,Swisyn,2,sigma-mvp,0,0,0,0,7206,0
1,Swisyn,2,sigma-mvp + real neg,0,0,0,0,7206,0
1,Swisyn,2,exact + real neg,5,0.997651,0,0,7206,0.976923
1,Swisyn,2,ladder + synthetic neg,5,0.997651,0.0410769,296,7206,0.976923
1,Swisyn,2,ladder + real neg (v2),5,0.997651,0,0,7206,0.976923
1,Swisyn,2,"ladder + real neg, k=3",3,0.997417,0,0,7206,0.973077
1,Swisyn,2,shipped (packaged corpus),5,0.997651,0,0,7206,0.976923
1,Swisyn,2,yara-imphash,1,0.811884,0,0,7206,0.680769
1,Swisyn,2,yara-v2,1,0.813293,0,0,7206,0.692308
1,Swisyn,3,sigma-mvp,0,0,0,0,7206,0
1,Swisyn,3,sigma-mvp + real neg,0,0,0,0,7206,0
1,Swisyn,3,exact + real neg,5,0.997651,0,0,7206,0.976923
1,Swisyn,3,ladder + synthetic neg,5,0.997651,0.0410769,296,7206,0.976923
1,Swisyn,3,ladder + real neg (v2),5,0.997651,0,0,7206,0.976923
1,Swisyn,3,"ladder + real neg, k=3",3,0.997417,0,0,7206,0.973077
1,Swisyn,3,shipped (packaged corpus),5,0.997651,0,0,7206,0.976923
1,Swisyn,3,yara-imphash,1,0.811884,0,0,7206,0.680769
1,Swisyn,3,yara-v2,1,0.813293,0,0,7206,0.692308
1,Swisyn,4,sigma-mvp,0,0,0,0,7206,0
1,Swisyn,4,sigma-mvp + real neg,0,0,0,0,7206,0
1,Swisyn,4,exact + real neg,5,0.997651,0,0,7206,0.976923
1,Swisyn,4,ladder + synthetic neg,5,0.997651,0.0410769,296,7206,0.976923
1,Swisyn,4,ladder + real neg (v2),5,0.997651,0,0,7206,0.976923
1,Swisyn,4,"ladder + real neg, k=3",3,0.997417,0,0,7206,0.973077
1,Swisyn,4,shipped (packaged corpus),5,0.997651,0,0,7206,0.976923
1,Swisyn,4,yara-imphash,1,0.811884,0,0,7206,0.680769
1,Swisyn,4,yara-v2,1,0.813293,0,0,7206,0.692308
1,Swisyn,5,sigma-mvp,0,0,0,0,7206,0
1,Swisyn,5,sigma-mvp + real neg,0,0,0,0,7206,0
1,Swisyn,5,exact + real neg,5,0.997651,0,0,7206,0.976923
1,Swisyn,5,ladder + synthetic neg,5,0.997651,0.0410769,296,7206,0.976923
1,Swisyn,5,ladder + real neg (v2),5,0.997651,0,0,7206,0.976923
1,Swisyn,5,"ladder + real neg, k=3",3,0.997417,0,0,7206,0.973077
1,Swisyn,5,shipped (packaged corpus),5,0.997651,0,0,7206,0.976923
1,Swisyn,5,yara-imphash,1,0.811884,0,0,7206,0.680769
1,Swisyn,5,yara-v2,1,0.813293,0,0,7206,0.692308
1,Swisyn,6,sigma-mvp,0,0,0,0,7206,0
1,Swisyn,6,sigma-mvp + real neg,0,0,0,0,7206,0
1,Swisyn,6,exact + real neg,5,0.997417,0,0,7206,0.973077
1,Swisyn,6,ladder + synthetic neg,5,0.997417,0,0,7206,0.973077
1,Swisyn,6,ladder + real neg (v2),5,0.997417,0,0,7206,0.973077
1,Swisyn,6,"ladder + real neg, k=3",3,0.997417,0,0,7206,0.973077
1,Swisyn,6,shipped (packaged corpus),5,0.997417,0,0,7206,0.973077
1,Swisyn,6,yara-imphash,1,0.175904,0,0,7206,0.257692
1,Swisyn,6,yara-v2,1,0.989667,0,0,7206,0.95
1,Swisyn,7,sigma-mvp,0,0,0,0,7206,0
1,Swisyn,7,sigma-mvp + real neg,0,0,0,0,7206,0
1,Swisyn,7,exact + real neg,10,0.997651,0,0,7206,0.976923
1,Swisyn,7,ladder + synthetic neg,10,0.998356,0.743547,5358,7206,0.988462
1,Swisyn,7,ladder + real neg (v2),10,0.997886,0,0,7206,0.980769
1,Swisyn,7,"ladder + real neg, k=3",3,0.965007,0,0,7206,0.723077
1,Swisyn,7,shipped (packaged corpus),10,0.997886,0,0,7206,0.980769
1,Swisyn,7,yara-imphash,1,0.811884,0,0,7206,0.680769
1,Swisyn,7,yara-v2,1,0.813293,0,0,7206,0.692308
1,Swisyn,8,sigma-mvp,0,0,0,0,7206,0
1,Swisyn,8,sigma-mvp + real neg,0,0,0,0,7206,0
1,Swisyn,8,exact + real neg,10,0.997651,0,0,7206,0.976923
1,Swisyn,8,ladder + synthetic neg,10,0.998356,0.743547,5358,7206,0.988462
1,Swisyn,8,ladder + real neg (v2),10,0.997886,0,0,7206,0.980769
1,Swisyn,8,"ladder + real neg, k=3",3,0.965007,0,0,7206,0.723077
1,Swisyn,8,shipped (packaged corpus),10,0.997886,0,0,7206,0.980769
1,Swisyn,8,yara-imphash,1,0.811884,0,0,7206,0.680769
1,Swisyn,8,yara-v2,1,0.813293,0,0,7206,0.692308
1,Swisyn,9,sigma-mvp,0,0,0,0,7206,0
1,Swisyn,9,sigma-mvp + real neg,0,0,0,0,7206,0
1,Swisyn,9,exact + real neg,5,0.997417,0,0,7206,0.973077
1,Swisyn,9,ladder + synthetic neg,5,0.997417,0,0,7206,0.973077
1,Swisyn,9,ladder + real neg (v2),5,0.997417,0,0,7206,0.973077
1,Swisyn,9,"ladder + real neg, k=3",3,0.997417,0,0,7206,0.973077
1,Swisyn,9,shipped (packaged corpus),5,0.997417,0,0,7206,0.973077
1,Swisyn,9,yara-imphash,1,0.175904,0,0,7206,0.257692
1,Swisyn,9,yara-v2,1,0.989667,0,0,7206,0.95
1,Swisyn,0,"v2, 5 runs pooled",5,0.997651,0,0,7206,0.976923
1,Trickbot,0,sigma-mvp,1,0.00823353,0.0441351,447,10128,0.0106496
1,Trickbot,0,sigma-mvp + real neg,0,0,0,0,10128,0
1,Trickbot,0,exact + real neg,10,0.00823353,9.87362e-05,1,10128,0.0106496
1,Trickbot,0,ladder + synthetic neg,10,0.00973054,0.092812,940,10128,0.0127796
1,Trickbot,0,ladder + real neg (v2),10,0.00823353,0.000296209,3,10128,0.0106496
1,Trickbot,0,"ladder + real neg, k=3",3,0.00299401,0.000296209,3,10128,0.00425985
1,Trickbot,0,shipped (packaged corpus),10,0.00823353,9.87362e-05,1,10128,0.0106496
1,Trickbot,0,yara-imphash,1,0,0,0,10128,0
1,Trickbot,0,yara-v2,1,0,0,0,10128,0
1,Trickbot,1,sigma-mvp,0,0,0,0,10128,0
1,Trickbot,1,sigma-mvp + real neg,0,0,0,0,10128,0
1,Trickbot,1,exact + real neg,1,0,0,0,10128,0
1,Trickbot,1,ladder + synthetic neg,1,0,0,0,10128,0
1,Trickbot,1,ladder + real neg (v2),1,0,0,0,10128,0
1,Trickbot,1,"ladder + real neg, k=3",1,0,0,0,10128,0
1,Trickbot,1,shipped (packaged corpus),1,0,0,0,10128,0
1,Trickbot,1,yara-imphash,1,0,0,0,10128,0
1,Trickbot,1,yara-v2,1,0,0.000394945,4,10128,0
1,Trickbot,2,sigma-mvp,1,0.00823353,0.0441351,447,10128,0.0106496
1,Trickbot,2,sigma-mvp + real neg,0,0,0,0,10128,0
1,Trickbot,2,exact + real neg,10,0.00823353,0,0,10128,0.0106496
1,Trickbot,2,ladder + synthetic neg,10,0.00898204,0.0441351,447,10128,0.0117146
1,Trickbot,2,ladder + real neg (v2),10,0.00823353,0,0,10128,0.0106496
1,Trickbot,2,"ladder + real neg, k=3",3,0.00823353,0,0,10128,0.0106496
1,Trickbot,2,shipped (packaged corpus),10,0.00823353,0,0,10128,0.0106496
1,Trickbot,2,yara-imphash,1,0,0,0,10128,0
1,Trickbot,2,yara-v2,1,0,0,0,10128,0
1,Trickbot,3,sigma-mvp,1,0.00823353,0.0441351,447,10128,0.0106496
1,Trickbot,3,sigma-mvp + real neg,0,0,0,0,10128,0
1,Trickbot,3,exact + real neg,10,0.00823353,9.87362e-05,1,10128,0.0106496
1,Trickbot,3,ladder + synthetic neg,10,0.00973054,0.092812,940,10128,0.0127796
1,Trickbot,3,ladder + real neg (v2),10,0.00823353,0.000296209,3,10128,0.0106496
1,Trickbot,3,"ladder + real neg, k=3",3,0.00299401,0.000296209,3,10128,0.00425985
1,Trickbot,3,shipped (packaged corpus),10,0.00823353,9.87362e-05,1,10128,0.0106496
1,Trickbot,3,yara-imphash,1,0,0,0,10128,0
1,Trickbot,3,yara-v2,1,0,0.000394945,4,10128,0
1,Trickbot,4,sigma-mvp,0,0,0,0,10128,0
1,Trickbot,4,sigma-mvp + real neg,0,0,0,0,10128,0
1,Trickbot,4,exact + real neg,1,0,0,0,10128,0
1,Trickbot,4,ladder + synthetic neg,1,0,0,0,10128,0
1,Trickbot,4,ladder + real neg (v2),1,0,0,0,10128,0
1,Trickbot,4,"ladder + real neg, k=3",1,0,0,0,10128,0
1,Trickbot,4,shipped (packaged corpus),1,0,0,0,10128,0
1,Trickbot,4,yara-imphash,1,0,0,0,10128,0
1,Trickbot,4,yara-v2,1,0,0,0,10128,0
1,Trickbot,5,sigma-mvp,1,0.00823353,0.0441351,447,10128,0.0106496
1,Trickbot,5,sigma-mvp + real neg,0,0,0,0,10128,0
1,Trickbot,5,exact + real neg,10,0.00823353,9.87362e-05,1,10128,0.0106496
1,Trickbot,5,ladder + synthetic neg,10,0.00973054,0.092812,940,10128,0.0127796
1,Trickbot,5,ladder + real neg (v2),10,0.00823353,0.000296209,3,10128,0.0106496
1,Trickbot,5,"ladder + real neg, k=3",3,0.00299401,0.000296209,3,10128,0.00425985
1,Trickbot,5,shipped (packaged corpus),10,0.00823353,9.87362e-05,1,10128,0.0106496
1,Trickbot,5,yara-imphash,1,0,0,0,10128,0
1,Trickbot,5,yara-v2,1,0.00299401,0,0,10128,0.00425985
1,Trickbot,6,sigma-mvp,1,0.00823353,0.0441351,447,10128,0.0106496
1,Trickbot,6,sigma-mvp + real neg,0,0,0,0,10128,0
1,Trickbot,6,exact + real neg,10,0.00823353,0,0,10128,0.0106496
1,Trickbot,6,ladder + synthetic neg,10,0.00898204,0.0442338,448,10128,0.0117146
1,Trickbot,6,ladder + real neg (v2),10,0.00823353,0,0,10128,0.0106496
1,Trickbot,6,"ladder + real neg, k=3",3,0,0,0,10128,0
1,Trickbot,6,shipped (packaged corpus),10,0.00823353,0,0,10128,0.0106496
1,Trickbot,6,yara-imphash,1,0,0,0,10128,0
1,Trickbot,6,yara-v2,1,0,0,0,10128,0
1,Trickbot,7,sigma-mvp,0,0,0,0,10128,0
1,Trickbot,7,sigma-mvp + real neg,0,0,0,0,10128,0
1,Trickbot,7,exact + real neg,2,0,0,0,10128,0
1,Trickbot,7,ladder + synthetic neg,2,0,0,0,10128,0
1,Trickbot,7,ladder + real neg (v2),2,0,0,0,10128,0
1,Trickbot,7,"ladder + real neg, k=3",2,0,0,0,10128,0
1,Trickbot,7,shipped (packaged corpus),2,0,0,0,10128,0
1,Trickbot,7,yara-imphash,1,0,0,0,10128,0
1,Trickbot,7,yara-v2,1,0,9.87362e-05,1,10128,0
1,Trickbot,8,sigma-mvp,1,0.00823353,0.0441351,447,10128,0.0106496
1,Trickbot,8,sigma-mvp + real neg,0,0,0,0,10128,0
1,Trickbot,8,exact + real neg,10,0.00823353,0,0,10128,0.0106496
1,Trickbot,8,ladder + synthetic neg,10,0.00898204,0.0442338,448,10128,0.0117146
1,Trickbot,8,ladder + real neg (v2),10,0.00823353,0,0,10128,0.0106496
1,Trickbot,8,"ladder + real neg, k=3",3,0.00823353,0,0,10128,0.0106496
1,Trickbot,8,shipped (packaged corpus),10,0.00823353,0,0,10128,0.0106496
1,Trickbot,8,yara-imphash,1,0,0,0,10128,0
1,Trickbot,8,yara-v2,1,0.0441617,9.87362e-05,1,10128,0.0628328
1,Trickbot,9,sigma-mvp,0,0,0,0,10128,0
1,Trickbot,9,sigma-mvp + real neg,0,0,0,0,10128,0
1,Trickbot,9,exact + real neg,1,0,0,0,10128,0
1,Trickbot,9,ladder + synthetic neg,1,0,0,0,10128,0
1,Trickbot,9,ladder + real neg (v2),1,0,0,0,10128,0
1,Trickbot,9,"ladder + real neg, k=3",1,0,0,0,10128,0
1,Trickbot,9,shipped (packaged corpus),1,0,0,0,10128,0
1,Trickbot,9,yara-imphash,1,0,0,0,10128,0
1,Trickbot,9,yara-v2,1,0,0.000394945,4,10128,0
1,Trickbot,0,"v2, 5 runs pooled",6.4,0.00823353,0.000296209,3,10128,0.0106496
1,Ursnif,0,sigma-mvp,0,0,0,0,10962,0
1,Ursnif,0,sigma-mvp + real neg,0,0,0,0,10962,0
1,Ursnif,0,exact + real neg,5,0,0,0,10962,0
1,Ursnif,0,ladder + synthetic neg,5,0,0,0,10962,0
1,Ursnif,0,ladder + real neg (v2),5,0,0,0,10962,0
1,Ursnif,0,"ladder + real neg, k=3",3,0,0,0,10962,0
1,Ursnif,0,shipped (packaged corpus),5,0,0,0,10962,0
1,Ursnif,0,yara-imphash,1,0,0,0,10962,0
1,Ursnif,0,yara-v2,1,0,0,0,10962,0
1,Ursnif,1,sigma-mvp,1,0.00398406,0.0590221,647,10962,0.00399202
1,Ursnif,1,sigma-mvp + real neg,0,0,0,0,10962,0
1,Ursnif,1,exact + real neg,3,0.00796813,0,0,10962,0.00798403
1,Ursnif,1,ladder + synthetic neg,4,0.00796813,0.054917,602,10962,0.00798403
1,Ursnif,1,ladder + real neg (v2),3,0.00796813,0,0,10962,0.00798403
1,Ursnif,1,"ladder + real neg, k=3",3,0.00796813,0,0,10962,0.00798403
1,Ursnif,1,shipped (packaged corpus),3,0.00796813,0,0,10962,0.00798403
1,Ursnif,1,yara-imphash,1,0,0,0,10962,0
1,Ursnif,1,yara-v2,1,0.0358566,0.000182448,2,10962,0.0359281
1,Ursnif,2,sigma-mvp,0,0,0,0,10962,0
1,Ursnif,2,sigma-mvp + real neg,0,0,0,0,10962,0
1,Ursnif,2,exact + real neg,4,0.00796813,0,0,10962,0.00798403
1,Ursnif,2,ladder + synthetic neg,4,0.0438247,0.0455209,499,10962,0.0439122
1,Ursnif,2,ladder + real neg (v2),4,0.0438247,0,0,10962,0.0439122
1,Ursnif,2,"ladder + real neg, k=3",3,0.0398406,0,0,10962,0.0399202
1,Ursnif,2,shipped (packaged corpus),4,0.0438247,0,0,10962,0.0439122
1,Ursnif,2,yara-imphash,1,0,0,0,10962,0
1,Ursnif,2,yara-v2,1,0,0,0,10962,0
1,Ursnif,3,sigma-mvp,1,0.00398406,0.0590221,647,10962,0.00399202
1,Ursnif,3,sigma-mvp + real neg,0,0,0,0,10962,0
1,Ursnif,3,exact + real neg,10,0.00796813,0,0,10962,0.00798403
1,Ursnif,3,ladder + synthetic neg,10,0.0438247,0.211002,2313,10962,0.0439122
1,Ursnif,3,ladder + real neg (v2),10,0.0418327,0,0,10962,0.0419162
1,Ursnif,3,"ladder + real neg, k=3",3,0.0398406,0,0,10962,0.0399202
1,Ursnif,3,shipped (packaged corpus),10,0.0438247,0,0,10962,0.0439122
1,Ursnif,3,yara-imphash,1,0,0,0,10962,0
1,Ursnif,3,yara-v2,1,0,0,0,10962,0
1,Ursnif,4,sigma-mvp,2,0.00398406,0.07526,825,10962,0.00399202
1,Ursnif,4,sigma-mvp + real neg,0,0,0,0,10962,0
1,Ursnif,4,exact + real neg,8,0.00796813,0,0,10962,0.00798403
1,Ursnif,4,ladder + synthetic neg,8,0.00796813,0.0416895,457,10962,0.00798403
1,Ursnif,4,ladder + real neg (v2),8,0.00796813,0,0,10962,0.00798403
1,Ursnif,4,"ladder + real neg, k=3",3,0.0059761,0,0,10962,0.00598802
1,Ursnif,4,shipped (packaged corpus),8,0.00796813,0,0,10962,0.00798403
1,Ursnif,4,yara-imphash,1,0,0,0,10962,0
1,Ursnif,4,yara-v2,1,0,0,0,10962,0
1,Ursnif,5,sigma-mvp,2,0.00398406,0.07526,825,10962,0.00399202
1,Ursnif,5,sigma-mvp + real neg,0,0,0,0,10962,0
1,Ursnif,5,exact + real neg,9,0.00796813,0,0,10962,0.00798403
1,Ursnif,5,ladder + synthetic neg,9,0.00796813,0.0416895,457,10962,0.00798403
1,Ursnif,5,ladder + real neg (v2),9,0.00796813,0,0,10962,0.00798403
1,Ursnif,5,"ladder + real neg, k=3",3,0.0059761,0,0,10962,0.00598802
1,Ursnif,5,shipped (packaged corpus),9,0.00796813,0,0,10962,0.00798403
1,Ursnif,5,yara-imphash,1,0,0,0,10962,0
1,Ursnif,5,yara-v2,1,0,0,0,10962,0
1,Ursnif,6,sigma-mvp,0,0,0,0,10962,0
1,Ursnif,6,sigma-mvp + real neg,0,0,0,0,10962,0
1,Ursnif,6,exact + real neg,4,0.00796813,0,0,10962,0.00798403
1,Ursnif,6,ladder + synthetic neg,4,0.0438247,0.0455209,499,10962,0.0439122
1,Ursnif,6,ladder + real neg (v2),4,0.0438247,0,0,10962,0.0439122
1,Ursnif,6,"ladder + real neg, k=3",3,0.0398406,0,0,10962,0.0399202
1,Ursnif,6,shipped (packaged corpus),4,0.0438247,0,0,10962,0.0439122
1,Ursnif,6,yara-imphash,1,0,0,0,10962,0
1,Ursnif,6,yara-v2,1,0,0,0,10962,0
1,Ursnif,7,sigma-mvp,0,0,0,0,10962,0
1,Ursnif,7,sigma-mvp + real neg,0,0,0,0,10962,0
1,Ursnif,7,exact + real neg,4,0.00796813,0,0,10962,0.00798403
1,Ursnif,7,ladder + synthetic neg,5,0.0438247,0.0455209,499,10962,0.0439122
1,Ursnif,7,ladder + real neg (v2),5,0.0438247,0,0,10962,0.0439122
1,Ursnif,7,"ladder + real neg, k=3",3,0.0398406,0,0,10962,0.0399202
1,Ursnif,7,shipped (packaged corpus),5,0.0438247,0,0,10962,0.0439122
1,Ursnif,7,yara-imphash,1,0,0,0,10962,0
1,Ursnif,7,yara-v2,1,0,0,0,10962,0
1,Ursnif,8,sigma-mvp,2,0.00398406,0.07526,825,10962,0.00399202
1,Ursnif,8,sigma-mvp + real neg,0,0,0,0,10962,0
1,Ursnif,8,exact + real neg,7,0.00796813,0,0,10962,0.00798403
1,Ursnif,8,ladder + synthetic neg,8,0.00796813,0.0603904,662,10962,0.00798403
1,Ursnif,8,ladder + real neg (v2),7,0.00796813,0,0,10962,0.00798403
1,Ursnif,8,"ladder + real neg, k=3",3,0,0,0,10962,0
1,Ursnif,8,shipped (packaged corpus),7,0.00796813,0,0,10962,0.00798403
1,Ursnif,8,yara-imphash,1,0,0,0,10962,0
1,Ursnif,8,yara-v2,1,0,0,0,10962,0
1,Ursnif,9,sigma-mvp,0,0,0,0,10962,0
1,Ursnif,9,sigma-mvp + real neg,0,0,0,0,10962,0
1,Ursnif,9,exact + real neg,4,0.00796813,0,0,10962,0.00798403
1,Ursnif,9,ladder + synthetic neg,4,0.0438247,0.0455209,499,10962,0.0439122
1,Ursnif,9,ladder + real neg (v2),4,0.0438247,0,0,10962,0.0439122
1,Ursnif,9,"ladder + real neg, k=3",3,0.0398406,0,0,10962,0.0399202
1,Ursnif,9,shipped (packaged corpus),4,0.0438247,0,0,10962,0.0439122
1,Ursnif,9,yara-imphash,1,0,0,0,10962,0
1,Ursnif,9,yara-v2,1,0,0,0,10962,0
1,Ursnif,0,"v2, 5 runs pooled",6,0.0438247,0,0,10962,0.0439122
1,Zeus,0,sigma-mvp,1,0.472222,0.0513251,581,11320,0.448276
1,Zeus,0,sigma-mvp + real neg,0,0,0,0,11320,0
1,Zeus,0,exact + real neg,10,0.0208333,8.83392e-05,1,11320,0.0517241
1,Zeus,0,ladder + synthetic neg,10,0.152778,0.158746,1797,11320,0.37931
1,Zeus,0,ladder + real neg (v2),10,0.0208333,8.83392e-05,1,11320,0.0517241
1,Zeus,0,"ladder + real neg, k=3",3,0,0,0,11320,0
1,Zeus,0,shipped (packaged corpus),10,0.0208333,8.83392e-05,1,11320,0.0517241
1,Zeus,0,yara-imphash,1,0,0,0,11320,0
1,Zeus,0,yara-v2,1,0,0,0,11320,0
1,Zeus,1,sigma-mvp,1,0.472222,0.0513251,581,11320,0.448276
1,Zeus,1,sigma-mvp + real neg,0,0,0,0,11320,0
1,Zeus,1,exact + real neg,8,0.0208333,8.83392e-05,1,11320,0.0517241
1,Zeus,1,ladder + synthetic neg,10,0.152778,0.158746,1797,11320,0.37931
1,Zeus,1,ladder + real neg (v2),8,0.0208333,8.83392e-05,1,11320,0.0517241
1,Zeus,1,"ladder + real neg, k=3",3,0,0,0,11320,0
1,Zeus,1,shipped (packaged corpus),8,0.0208333,8.83392e-05,1,11320,0.0517241
1,Zeus,1,yara-imphash,1,0,0,0,11320,0
1,Zeus,1,yara-v2,1,0,0,0,11320,0
1,Zeus,2,sigma-mvp,1,0.472222,0.0513251,581,11320,0.448276
1,Zeus,2,sigma-mvp + real neg,0,0,0,0,11320,0
1,Zeus,2,exact + real neg,1,0.305556,0,0,11320,0.0344828
1,Zeus,2,ladder + synthetic neg,3,0.569444,0.452739,5125,11320,0.655172
1,Zeus,2,ladder + real neg (v2),2,0.305556,0,0,11320,0.0344828
1,Zeus,2,"ladder + real neg, k=3",2,0.305556,0,0,11320,0.0344828
1,Zeus,2,shipped (packaged corpus),3,0.3125,0.000176678,2,11320,0.0344828
1,Zeus,2,yara-imphash,1,0,0,0,11320,0
1,Zeus,2,yara-v2,1,0,0,0,11320,0
1,Zeus,3,sigma-mvp,1,0.194444,0.0379859,430,11320,0.482759
1,Zeus,3,sigma-mvp + real neg,0,0,0,0,11320,0
1,Zeus,3,exact + real neg,2,0.0138889,0,0,11320,0.0344828
1,Zeus,3,ladder + synthetic neg,2,0.194444,0.0380742,431,11320,0.482759
1,Zeus,3,ladder + real neg (v2),2,0.0138889,0,0,11320,0.0344828
1,Zeus,3,"ladder + real neg, k=3",2,0.0138889,0,0,11320,0.0344828
1,Zeus,3,shipped (packaged corpus),2,0.0138889,0,0,11320,0.0344828
1,Zeus,3,yara-imphash,1,0,0,0,11320,0
1,Zeus,3,yara-v2,1,0,0,0,11320,0
1,Zeus,4,sigma-mvp,2,0.520833,0.0664311,752,11320,0.568966
1,Zeus,4,sigma-mvp + real neg,0,0,0,0,11320,0
1,Zeus,4,exact + real neg,10,0.0138889,0.000176678,2,11320,0.0344828
1,Zeus,4,ladder + synthetic neg,10,0.0208333,0.00962898,109,11320,0.0517241
1,Zeus,4,ladder + real neg (v2),10,0.0138889,0.00432862,49,11320,0.0344828
1,Zeus,4,"ladder + real neg, k=3",3,0,0,0,11320,0
1,Zeus,4,shipped (packaged corpus),10,0.0138889,0,0,11320,0.0344828
1,Zeus,4,yara-imphash,1,0,0,0,11320,0
1,Zeus,4,yara-v2,1,0,0,0,11320,0
1,Zeus,5,sigma-mvp,2,0.520833,0.0664311,752,11320,0.568966
1,Zeus,5,sigma-mvp + real neg,0,0,0,0,11320,0
1,Zeus,5,exact + real neg,10,0.0138889,0.0040636,46,11320,0.0344828
1,Zeus,5,ladder + synthetic neg,10,0.201389,0.0469965,532,11320,0.5
1,Zeus,5,ladder + real neg (v2),10,0.0138889,0.00415194,47,11320,0.0344828
1,Zeus,5,"ladder + real neg, k=3",3,0,0,0,11320,0
1,Zeus,5,shipped (packaged corpus),10,0.0138889,0,0,11320,0.0344828
1,Zeus,5,yara-imphash,1,0,0,0,11320,0
1,Zeus,5,yara-v2,1,0,0,0,11320,0
1,Zeus,6,sigma-mvp,2,0.520833,0.0664311,752,11320,0.568966
1,Zeus,6,sigma-mvp + real neg,0,0,0,0,11320,0
1,Zeus,6,exact + real neg,10,0.0138889,0.0040636,46,11320,0.0344828
1,Zeus,6,ladder + synthetic neg,10,0.208333,0.184982,2094,11320,0.517241
1,Zeus,6,ladder + real neg (v2),10,0.0138889,0.00415194,47,11320,0.0344828
1,Zeus,6,"ladder + real neg, k=3",3,0,0,0,11320,0
1,Zeus,6,shipped (packaged corpus),10,0.0138889,0,0,11320,0.0344828
1,Zeus,6,yara-imphash,1,0,0,0,11320,0
1,Zeus,6,yara-v2,1,0,0,0,11320,0
1,Zeus,7,sigma-mvp,1,0.194444,0.0379859,430,11320,0.482759
1,Zeus,7,sigma-mvp + real neg,0,0,0,0,11320,0
1,Zeus,7,exact + real neg,6,0.180556,0,0,11320,0.448276
1,Zeus,7,ladder + synthetic neg,6,0.194444,0.0380742,431,11320,0.482759
1,Zeus,7,ladder + real neg (v2),6,0.180556,0,0,11320,0.448276
1,Zeus,7,"ladder + real neg, k=3",3,0,0,0,11320,0
1,Zeus,7,shipped (packaged corpus),6,0.180556,0,0,11320,0.448276
1,Zeus,7,yara-imphash,1,0,0,0,11320,0
1,Zeus,7,yara-v2,1,0,0,0,11320,0
1,Zeus,8,sigma-mvp,1,0.472222,0.0513251,581,11320,0.448276
1,Zeus,8,sigma-mvp + real neg,0,0,0,0,11320,0
1,Zeus,8,exact + real neg,1,0.305556,0,0,11320,0.0344828
1,Zeus,8,ladder + synthetic neg,3,0.569444,0.452739,5125,11320,0.655172
1,Zeus,8,ladder + real neg (v2),2,0.305556,0,0,11320,0.0344828
1,Zeus,8,"ladder + real neg, k=3",2,0.305556,0,0,11320,0.0344828
1,Zeus,8,shipped (packaged corpus),3,0.3125,0.000176678,2,11320,0.0344828
1,Zeus,8,yara-imphash,1,0,0,0,11320,0
1,Zeus,8,yara-v2,1,0,0,0,11320,0
1,Zeus,9,sigma-mvp,2,0.520833,0.0664311,752,11320,0.568966
1,Zeus,9,sigma-mvp + real neg,0,0,0,0,11320,0
1,Zeus,9,exact + real neg,9,0.00694444,0,0,11320,0.0172414
1,Zeus,9,ladder + synthetic neg,10,0.0625,0.0706714,800,11320,0.155172
1,Zeus,9,ladder + real neg (v2),8,0.00694444,0,0,11320,0.0172414
1,Zeus,9,"ladder + real neg, k=3",3,0,0,0,11320,0
1,Zeus,9,shipped (packaged corpus),8,0.00694444,0,0,11320,0.0172414
1,Zeus,9,yara-imphash,1,0,0,0,11320,0
1,Zeus,9,yara-v2,1,0.00694444,0,0,11320,0
1,Zeus,0,"v2, 5 runs pooled",6.4,0.340278,0.00441696,50,11320,0.12069
1,njRAT,0,sigma-mvp,2,0.377532,0.0569545,622,10921,0.415133
1,njRAT,0,sigma-mvp + real neg,0,0,0,0,10921,0
1,njRAT,0,exact + real neg,10,0,0,0,10921,0
1,njRAT,0,ladder + synthetic neg,10,0,0,0,10921,0
1,njRAT,0,ladder + real neg (v2),10,0,0,0,10921,0
1,njRAT,0,"ladder + real neg, k=3",3,0,0,0,10921,0
1,njRAT,0,shipped (packaged corpus),10,0,0,0,10921,0
1,njRAT,0,yara-imphash,1,0,0,0,10921,0
1,njRAT,0,yara-v2,1,0,0,0,10921,0
1,njRAT,1,sigma-mvp,1,0.372007,0.0409303,447,10921,0.408998
1,njRAT,1,sigma-mvp + real neg,0,0,0,0,10921,0
1,njRAT,1,exact + real neg,10,0.014733,0,0,10921,0.0163599
1,njRAT,1,ladder + synthetic neg,10,0.473297,0.00366267,40,10921,0.474438
1,njRAT,1,ladder + real neg (v2),10,0.278085,0.000183133,2,10921,0.288344
1,njRAT,1,"ladder + real neg, k=3",3,0.014733,0,0,10921,0.0163599
1,njRAT,1,shipped (packaged corpus),10,0.278085,0.000183133,2,10921,0.288344
1,njRAT,1,yara-imphash,1,0,0,0,10921,0
1,njRAT,1,yara-v2,1,0.014733,0,0,10921,0.0163599
1,njRAT,2,sigma-mvp,1,0.372007,0.0409303,447,10921,0.408998
1,njRAT,2,sigma-mvp + real neg,0,0,0,0,10921,0
1,njRAT,2,exact + real neg,10,0.388582,9.15667e-05,1,10921,0.411043
1,njRAT,2,ladder + synthetic neg,10,0.767956,0.506639,5533,10921,0.789366
1,njRAT,2,ladder + real neg (v2),10,0.322284,0.0008241,9,10921,0.337423
1,njRAT,2,"ladder + real neg, k=3",3,0,0,0,10921,0
1,njRAT,2,shipped (packaged corpus),10,0.388582,0.000183133,2,10921,0.411043
1,njRAT,2,yara-imphash,1,0.0165746,0,0,10921,0.0184049
1,njRAT,2,yara-v2,1,0.14733,0.00228917,25,10921,0.159509
1,njRAT,3,sigma-mvp,0,0,0,0,10921,0
1,njRAT,3,sigma-mvp + real neg,0,0,0,0,10921,0
1,njRAT,3,exact + real neg,0,0,0,0,10921,0
1,njRAT,3,ladder + synthetic neg,0,0,0,0,10921,0
1,njRAT,3,ladder + real neg (v2),0,0,0,0,10921,0
1,njRAT,3,"ladder + real neg, k=3",0,0,0,0,10921,0
1,njRAT,3,shipped (packaged corpus),0,0,0,0,10921,0
1,njRAT,3,yara-imphash,1,0.014733,9.15667e-05,1,10921,0.0122699
1,njRAT,3,yara-v2,1,0.014733,9.15667e-05,1,10921,0.0122699
1,njRAT,4,sigma-mvp,1,0.372007,0.0409303,447,10921,0.408998
1,njRAT,4,sigma-mvp + real neg,0,0,0,0,10921,0
1,njRAT,4,exact + real neg,10,0.372007,0,0,10921,0.392638
1,njRAT,4,ladder + synthetic neg,10,0.401473,0.00228917,25,10921,0.425358
1,njRAT,4,ladder + real neg (v2),10,0.373849,0,0,10921,0.394683
1,njRAT,4,"ladder + real neg, k=3",3,0.00552486,0,0,10921,0.00613497
1,njRAT,4,shipped (packaged corpus),10,0.373849,0,0,10921,0.394683
1,njRAT,4,yara-imphash,1,0.00736648,0.000183133,2,10921,0.00613497
1,njRAT,4,yara-v2,1,0.00736648,0.000183133,2,10921,0.00613497
1,njRAT,5,sigma-mvp,1,0.372007,0.0409303,447,10921,0.408998
1,njRAT,5,sigma-mvp + real neg,0,0,0,0,10921,0
1,njRAT,5,exact + real neg,10,0.388582,9.15667e-05,1,10921,0.411043
1,njRAT,5,ladder + synthetic neg,10,0.769797,0.506913,5536,10921,0.791411
1,njRAT,5,ladder + real neg (v2),10,0.316759,0.00366267,40,10921,0.331288
1,njRAT,5,"ladder + real neg, k=3",3,0.279926,9.15667e-05,1,10921,0.290389
1,njRAT,5,shipped (packaged corpus),10,0.388582,0.000183133,2,10921,0.411043
1,njRAT,5,yara-imphash,1,0.0165746,0,0,10921,0.0184049
1,njRAT,5,yara-v2,1,0.14733,0.00228917,25,10921,0.159509
1,njRAT,6,sigma-mvp,0,0,0,0,10921,0
1,njRAT,6,sigma-mvp + real neg,0,0,0,0,10921,0
1,njRAT,6,exact + real neg,8,0.381215,0.0005494,6,10921,0.402863
1,njRAT,6,ladder + synthetic neg,8,0.399632,0.0019229,21,10921,0.423313
1,njRAT,6,ladder + real neg (v2),8,0.384899,0.0005494,6,10921,0.406953
1,njRAT,6,"ladder + real neg, k=3",3,0,0,0,10921,0
1,njRAT,6,shipped (packaged corpus),7,0.379374,0,0,10921,0.400818
1,njRAT,6,yara-imphash,1,0.384899,0.00787474,86,10921,0.376278
1,njRAT,6,yara-v2,0,0,0,0,10921,0
1,njRAT,7,sigma-mvp,0,0,0,0,10921,0
1,njRAT,7,sigma-mvp + real neg,0,0,0,0,10921,0
1,njRAT,7,exact + real neg,3,0,0,0,10921,0
1,njRAT,7,ladder + synthetic neg,5,0.732965,0.508104,5549,10921,0.719836
1,njRAT,7,ladder + real neg (v2),5,0.053407,0.00347953,38,10921,0.0593047
1,njRAT,7,"ladder + real neg, k=3",3,0,0,0,10921,0
1,njRAT,7,shipped (packaged corpus),5,0,0,0,10921,0
1,njRAT,7,yara-imphash,1,0.101289,0.0021976,24,10921,0.110429
1,njRAT,7,yara-v2,1,0.123389,0.0021976,24,10921,0.134969
1,njRAT,8,sigma-mvp,1,0.372007,0.0409303,447,10921,0.408998
1,njRAT,8,sigma-mvp + real neg,0,0,0,0,10921,0
1,njRAT,8,exact + real neg,6,0.373849,0.0005494,6,10921,0.394683
1,njRAT,8,ladder + synthetic neg,7,0.381215,0.0016482,18,10921,0.402863
1,njRAT,8,ladder + real neg (v2),6,0.377532,0.0005494,6,10921,0.398773
1,njRAT,8,"ladder + real neg, k=3",3,0.127072,0.0005494,6,10921,0.122699
1,njRAT,8,shipped (packaged corpus),5,0.370166,0,0,10921,0.390593
1,njRAT,8,yara-imphash,1,0.384899,0.00787474,86,10921,0.376278
1,njRAT,8,yara-v2,0,0,0,0,10921,0
1,njRAT,9,sigma-mvp,0,0,0,0,10921,0
1,njRAT,9,sigma-mvp + real neg,0,0,0,0,10921,0
1,njRAT,9,exact + real neg,2,0,0,0,10921,0
1,njRAT,9,ladder + synthetic neg,3,0.362799,0.00640967,70,10921,0.319018
1,njRAT,9,ladder + real neg (v2),2,0,0,0,10921,0
1,njRAT,9,"ladder + real neg, k=3",2,0,0,0,10921,0
1,njRAT,9,shipped (packaged corpus),2,0,0,0,10921,0
1,njRAT,9,yara-imphash,1,0.101289,0.0021976,24,10921,0.110429
1,njRAT,9,yara-v2,1,0.123389,0.0021976,24,10921,0.134969
1,njRAT,0,"v2, 5 runs pooled",8,0.41989,0.0008241,9,10921,0.445808
2,Adload,0,sigma-mvp,0,0,0,0,11459,0
2,Adload,0,sigma-mvp + real neg,0,0,0,0,11459,0
2,Adload,0,exact + real neg,1,0,0,0,11459,0
2,Adload,0,ladder + synthetic neg,1,0,0,0,11459,0
2,Adload,0,ladder + real neg (v2),1,0,0,0,11459,0
2,Adload,0,"ladder + real neg, k=3",1,0,0,0,11459,0
2,Adload,0,shipped (packaged corpus),1,0,0,0,11459,0
2,Adload,0,yara-imphash,1,0,0,0,11459,0
2,Adload,0,yara-v2,1,0,0,0,11459,0
2,Adload,1,sigma-mvp,0,0,0,0,11459,0
2,Adload,1,sigma-mvp + real neg,0,0,0,0,11459,0
2,Adload,1,exact + real neg,1,0,0,0,11459,0
2,Adload,1,ladder + synthetic neg,1,0,0,0,11459,0
2,Adload,1,ladder + real neg (v2),1,0,0,0,11459,0
2,Adload,1,"ladder + real neg, k=3",1,0,0,0,11459,0
2,Adload,1,shipped (packaged corpus),1,0,0,0,11459,0
2,Adload,1,yara-imphash,1,0,0,0,11459,0
2,Adload,1,yara-v2,1,0,0,0,11459,0
2,Adload,2,sigma-mvp,0,0,0,0,11459,0
2,Adload,2,sigma-mvp + real neg,0,0,0,0,11459,0
2,Adload,2,exact + real neg,1,0,0,0,11459,0
2,Adload,2,ladder + synthetic neg,1,0,0,0,11459,0
2,Adload,2,ladder + real neg (v2),1,0,0,0,11459,0
2,Adload,2,"ladder + real neg, k=3",1,0,0,0,11459,0
2,Adload,2,shipped (packaged corpus),1,0,0,0,11459,0
2,Adload,2,yara-imphash,1,0,0,0,11459,0
2,Adload,2,yara-v2,1,0.2,0,0,11459,0.25
2,Adload,3,sigma-mvp,0,0,0,0,11459,0
2,Adload,3,sigma-mvp + real neg,0,0,0,0,11459,0
2,Adload,3,exact + real neg,2,0.2,0,0,11459,0
2,Adload,3,ladder + synthetic neg,2,0.2,0,0,11459,0
2,Adload,3,ladder + real neg (v2),2,0.2,0,0,11459,0
2,Adload,3,"ladder + real neg, k=3",2,0.2,0,0,11459,0
2,Adload,3,shipped (packaged corpus),2,0.2,0,0,11459,0
2,Adload,3,yara-imphash,1,0,0,0,11459,0
2,Adload,3,yara-v2,1,0,0,0,11459,0
2,Adload,4,sigma-mvp,0,0,0,0,11459,0
2,Adload,4,sigma-mvp + real neg,0,0,0,0,11459,0
2,Adload,4,exact + real neg,1,0,0,0,11459,0
2,Adload,4,ladder + synthetic neg,1,0,0,0,11459,0
2,Adload,4,ladder + real neg (v2),1,0,0,0,11459,0
2,Adload,4,"ladder + real neg, k=3",1,0,0,0,11459,0
2,Adload,4,shipped (packaged corpus),1,0,0,0,11459,0
2,Adload,4,yara-imphash,1,0,0,0,11459,0
2,Adload,4,yara-v2,1,0,0,0,11459,0
2,Adload,5,sigma-mvp,0,0,0,0,11459,0
2,Adload,5,sigma-mvp + real neg,0,0,0,0,11459,0
2,Adload,5,exact + real neg,1,0,0,0,11459,0
2,Adload,5,ladder + synthetic neg,1,0,0,0,11459,0
2,Adload,5,ladder + real neg (v2),1,0,0,0,11459,0
2,Adload,5,"ladder + real neg, k=3",1,0,0,0,11459,0
2,Adload,5,shipped (packaged corpus),1,0,0,0,11459,0
2,Adload,5,yara-imphash,1,0,0,0,11459,0
2,Adload,5,yara-v2,1,0,0,0,11459,0
2,Adload,6,sigma-mvp,0,0,0,0,11459,0
2,Adload,6,sigma-mvp + real neg,0,0,0,0,11459,0
2,Adload,6,exact + real neg,2,0.2,0,0,11459,0
2,Adload,6,ladder + synthetic neg,2,0.2,0,0,11459,0
2,Adload,6,ladder + real neg (v2),2,0.2,0,0,11459,0
2,Adload,6,"ladder + real neg, k=3",2,0.2,0,0,11459,0
2,Adload,6,shipped (packaged corpus),2,0.2,0,0,11459,0
2,Adload,6,yara-imphash,1,0,0,0,11459,0
2,Adload,6,yara-v2,1,0,0,0,11459,0
2,Adload,7,sigma-mvp,0,0,0,0,11459,0
2,Adload,7,sigma-mvp + real neg,0,0,0,0,11459,0
2,Adload,7,exact + real neg,1,0,0,0,11459,0
2,Adload,7,ladder + synthetic neg,1,0,0,0,11459,0
2,Adload,7,ladder + real neg (v2),1,0,0,0,11459,0
2,Adload,7,"ladder + real neg, k=3",1,0,0,0,11459,0
2,Adload,7,shipped (packaged corpus),1,0,0,0,11459,0
2,Adload,7,yara-imphash,1,0,0,0,11459,0
2,Adload,7,yara-v2,1,0,0,0,11459,0
2,Adload,8,sigma-mvp,0,0,0,0,11459,0
2,Adload,8,sigma-mvp + real neg,0,0,0,0,11459,0
2,Adload,8,exact + real neg,1,0,0,0,11459,0
2,Adload,8,ladder + synthetic neg,1,0,0,0,11459,0
2,Adload,8,ladder + real neg (v2),1,0,0,0,11459,0
2,Adload,8,"ladder + real neg, k=3",1,0,0,0,11459,0
2,Adload,8,shipped (packaged corpus),1,0,0,0,11459,0
2,Adload,8,yara-imphash,1,0,0,0,11459,0
2,Adload,8,yara-v2,1,0,0,0,11459,0
2,Adload,9,sigma-mvp,0,0,0,0,11459,0
2,Adload,9,sigma-mvp + real neg,0,0,0,0,11459,0
2,Adload,9,exact + real neg,2,0.2,0,0,11459,0
2,Adload,9,ladder + synthetic neg,2,0.2,0,0,11459,0
2,Adload,9,ladder + real neg (v2),2,0.2,0,0,11459,0
2,Adload,9,"ladder + real neg, k=3",2,0.2,0,0,11459,0
2,Adload,9,shipped (packaged corpus),2,0.2,0,0,11459,0
2,Adload,9,yara-imphash,1,0,0,0,11459,0
2,Adload,9,yara-v2,1,0,0,0,11459,0
2,Adload,0,"v2, 5 runs pooled",1.2,0.2,0,0,11459,0
2,Emotet,0,sigma-mvp,0,0,0,0,7935,0
2,Emotet,0,sigma-mvp + real neg,0,0,0,0,7935,0
2,Emotet,0,exact + real neg,3,0,0,0,7935,0
2,Emotet,0,ladder + synthetic neg,3,0.0017002,0.000252048,2,7935,0.00173561
2,Emotet,0,ladder + real neg (v2),3,0.0017002,0.000252048,2,7935,0.00173561
2,Emotet,0,"ladder + real neg, k=3",3,0.0017002,0.000252048,2,7935,0.00173561
2,Emotet,0,shipped (packaged corpus),3,0.0017002,0.000252048,2,7935,0.00173561
2,Emotet,0,yara-imphash,1,0,0,0,7935,0
2,Emotet,0,yara-v2,1,0,0,0,7935,0
2,Emotet,1,sigma-mvp,0,0,0,0,7935,0
2,Emotet,1,sigma-mvp + real neg,0,0,0,0,7935,0
2,Emotet,1,exact + real neg,3,0,0,0,7935,0
2,Emotet,1,ladder + synthetic neg,7,0.43185,0.0374291,297,7935,0.440266
2,Emotet,1,ladder + real neg (v2),3,0.0017002,0.000252048,2,7935,0.00173561
2,Emotet,1,"ladder + real neg, k=3",3,0.0017002,0.000252048,2,7935,0.00173561
2,Emotet,1,shipped (packaged corpus),3,0.0017002,0.000252048,2,7935,0.00173561
2,Emotet,1,yara-imphash,0,0,0,0,7935,0
2,Emotet,1,yara-v2,0,0,0,0,7935,0
2,Emotet,2,sigma-mvp,0,0,0,0,7935,0
2,Emotet,2,sigma-mvp + real neg,0,0,0,0,7935,0
2,Emotet,2,exact + real neg,1,0,0,0,7935,0
2,Emotet,2,ladder + synthetic neg,1,0,0,0,7935,0
2,Emotet,2,ladder + real neg (v2),1,0,0,0,7935,0
2,Emotet,2,"ladder + real neg, k=3",1,0,0,0,7935,0
2,Emotet,2,shipped (packaged corpus),1,0,0,0,7935,0
2,Emotet,2,yara-imphash,0,0,0,0,7935,0
2,Emotet,2,yara-v2,0,0,0,0,7935,0
2,Emotet,3,sigma-mvp,0,0,0,0,7935,0
2,Emotet,3,sigma-mvp + real neg,0,0,0,0,7935,0
2,Emotet,3,exact + real neg,3,0.000283366,0,0,7935,0.000289268
2,Emotet,3,ladder + synthetic neg,7,0.43185,0.0374291,297,7935,0.440266
2,Emotet,3,ladder + real neg (v2),3,0.0017002,0.000252048,2,7935,0.00173561
2,Emotet,3,"ladder + real neg, k=3",3,0.0017002,0.000252048,2,7935,0.00173561
2,Emotet,3,shipped (packaged corpus),3,0.0017002,0.000252048,2,7935,0.00173561
2,Emotet,3,yara-imphash,0,0,0,0,7935,0
2,Emotet,3,yara-v2,0,0,0,0,7935,0
2,Emotet,4,sigma-mvp,0,0,0,0,7935,0
2,Emotet,4,sigma-mvp + real neg,0,0,0,0,7935,0
2,Emotet,4,exact + real neg,3,0,0,0,7935,0
2,Emotet,4,ladder + synthetic neg,10,0.218192,0.00403277,32,7935,0.222447
2,Emotet,4,ladder + real neg (v2),3,0.0017002,0.000252048,2,7935,0.00173561
2,Emotet,4,"ladder + real neg, k=3",3,0.0017002,0.000252048,2,7935,0.00173561
2,Emotet,4,shipped (packaged corpus),3,0.0017002,0.000252048,2,7935,0.00173561
2,Emotet,4,yara-imphash,1,0,0,0,7935,0
2,Emotet,4,yara-v2,1,0,0,0,7935,0
2,Emotet,5,sigma-mvp,0,0,0,0,7935,0
2,Emotet,5,sigma-mvp + real neg,0,0,0,0,7935,0
2,Emotet,5,exact + real neg,3,0.000850099,0,0,7935,0.000867804
2,Emotet,5,ladder + synthetic neg,10,0.217625,0.00378072,30,7935,0.221869
2,Emotet,5,ladder + real neg (v2),3,0.000850099,0,0,7935,0.000867804
2,Emotet,5,"ladder + real neg, k=3",3,0.000850099,0,0,7935,0.000867804
2,Emotet,5,shipped (packaged corpus),3,0.000850099,0,0,7935,0.000867804
2,Emotet,5,yara-imphash,1,0,0,0,7935,0
2,Emotet,5,yara-v2,1,0,0,0,7935,0
2,Emotet,6,sigma-mvp,0,0,0,0,7935,0
2,Emotet,6,sigma-mvp + real neg,0,0,0,0,7935,0
2,Emotet,6,exact + real neg,1,0,0,0,7935,0
2,Emotet,6,ladder + synthetic neg,1,0,0,0,7935,0
2,Emotet,6,ladder + real neg (v2),1,0,0,0,7935,0
2,Emotet,6,"ladder + real neg, k=3",1,0,0,0,7935,0
2,Emotet,6,shipped (packaged corpus),1,0,0,0,7935,0
2,Emotet,6,yara-imphash,1,0,0,0,7935,0
2,Emotet,6,yara-v2,1,0,0,0,7935,0
2,Emotet,7,sigma-mvp,0,0,0,0,7935,0
2,Emotet,7,sigma-mvp + real neg,0,0,0,0,7935,0
2,Emotet,7,exact + real neg,3,0,0,0,7935,0
2,Emotet,7,ladder + synthetic neg,3,0,0,0,7935,0
2,Emotet,7,ladder + real neg (v2),3,0,0,0,7935,0
2,Emotet,7,"ladder + real neg, k=3",3,0,0,0,7935,0
2,Emotet,7,shipped (packaged corpus),3,0,0,0,7935,0
2,Emotet,7,yara-imphash,1,0,0,0,7935,0
2,Emotet,7,yara-v2,1,0,0,0,7935,0
2,Emotet,8,sigma-mvp,0,0,0,0,7935,0
2,Emotet,8,sigma-mvp + real neg,0,0,0,0,7935,0
2,Emotet,8,exact + real neg,3,0.000850099,0,0,7935,0.000867804
2,Emotet,8,ladder + synthetic neg,4,0.109946,0.00327662,26,7935,0.112236
2,Emotet,8,ladder + real neg (v2),3,0.000850099,0,0,7935,0.000867804
2,Emotet,8,"ladder + real neg, k=3",3,0.000850099,0,0,7935,0.000867804
2,Emotet,8,shipped (packaged corpus),3,0.000850099,0,0,7935,0.000867804
2,Emotet,8,yara-imphash,1,0,0,0,7935,0
2,Emotet,8,yara-v2,1,0,0,0,7935,0
2,Emotet,9,sigma-mvp,0,0,0,0,7935,0
2,Emotet,9,sigma-mvp + real neg,0,0,0,0,7935,0
2,Emotet,9,exact + real neg,3,0,0,0,7935,0
2,Emotet,9,ladder + synthetic neg,3,0.0017002,0.000252048,2,7935,0.00173561
2,Emotet,9,ladder + real neg (v2),3,0.0017002,0.000252048,2,7935,0.00173561
2,Emotet,9,"ladder + real neg, k=3",3,0.0017002,0.000252048,2,7935,0.00173561
2,Emotet,9,shipped (packaged corpus),3,0.0017002,0.000252048,2,7935,0.00173561
2,Emotet,9,yara-imphash,1,0,0,0,7935,0
2,Emotet,9,yara-v2,1,0,0,0,7935,0
2,Emotet,0,"v2, 5 runs pooled",2.6,0.0017002,0.000252048,2,7935,0.00173561
2,Lokibot,0,sigma-mvp,3,0.132847,0.0682809,736,10779,0.135258
2,Lokibot,0,sigma-mvp + real neg,1,0,0,0,10779,0
2,Lokibot,0,exact + real neg,10,0.613139,0.000185546,2,10779,0.635258
2,Lokibot,0,ladder + synthetic neg,10,0.0116788,0.0600241,647,10779,0.00911854
2,Lokibot,0,ladder + real neg (v2),10,0.613139,0.000185546,2,10779,0.635258
2,Lokibot,0,"ladder + real neg, k=3",3,0,0.000185546,2,10779,0
2,Lokibot,0,shipped (packaged corpus),10,0.613139,0.000185546,2,10779,0.635258
2,Lokibot,0,yara-imphash,1,0,0,0,10779,0
2,Lokibot,0,yara-v2,1,0.163504,0.0024121,26,10779,0.144377
2,Lokibot,1,sigma-mvp,0,0,0,0,10779,0
2,Lokibot,1,sigma-mvp + real neg,0,0,0,0,10779,0
2,Lokibot,1,exact + real neg,10,0.613139,0,0,10779,0.635258
2,Lokibot,1,ladder + synthetic neg,7,0.616058,0.00194823,21,10779,0.638298
2,Lokibot,1,ladder + real neg (v2),10,0.613139,0,0,10779,0.635258
2,Lokibot,1,"ladder + real neg, k=3",3,0.613139,0,0,10779,0.635258
2,Lokibot,1,shipped (packaged corpus),10,0.613139,0,0,10779,0.635258
2,Lokibot,1,yara-imphash,1,0,0,0,10779,0
2,Lokibot,1,yara-v2,1,0,0,0,10779,0
2,Lokibot,2,sigma-mvp,3,0.132847,0.0682809,736,10779,0.135258
2,Lokibot,2,sigma-mvp + real neg,1,0,0,0,10779,0
2,Lokibot,2,exact + real neg,10,0.613139,0.000185546,2,10779,0.635258
2,Lokibot,2,ladder + synthetic neg,10,0.621898,0.0600241,647,10779,0.644377
2,Lokibot,2,ladder + real neg (v2),10,0.613139,0.000185546,2,10779,0.635258
2,Lokibot,2,"ladder + real neg, k=3",3,0,0.000185546,2,10779,0
2,Lokibot,2,shipped (packaged corpus),10,0.613139,0.000185546,2,10779,0.635258
2,Lokibot,2,yara-imphash,1,0,0,0,10779,0
2,Lokibot,2,yara-v2,1,0,0,0,10779,0
2,Lokibot,3,sigma-mvp,0,0,0,0,10779,0
2,Lokibot,3,sigma-mvp + real neg,0,0,0,0,10779,0
2,Lokibot,3,exact + real neg,5,0.613139,0,0,10779,0.635258
2,Lokibot,3,ladder + synthetic neg,5,0.613139,0,0,10779,0.635258
2,Lokibot,3,ladder + real neg (v2),5,0.613139,0,0,10779,0.635258
2,Lokibot,3,"ladder + real neg, k=3",3,0.613139,0,0,10779,0.635258
2,Lokibot,3,shipped (packaged corpus),5,0.613139,0,0,10779,0.635258
2,Lokibot,3,yara-imphash,1,0,0,0,10779,0
2,Lokibot,3,yara-v2,1,0,0,0,10779,0
2,Lokibot,4,sigma-mvp,0,0,0,0,10779,0
2,Lokibot,4,sigma-mvp + real neg,0,0,0,0,10779,0
2,Lokibot,4,exact + real neg,8,0.613139,0,0,10779,0.635258
2,Lokibot,4,ladder + synthetic neg,8,0.630657,0.000185546,2,10779,0.653495
2,Lokibot,4,ladder + real neg (v2),8,0.629197,0,0,10779,0.651976
2,Lokibot,4,"ladder + real neg, k=3",3,0.0321168,0,0,10779,0.0334347
2,Lokibot,4,shipped (packaged corpus),8,0.629197,0,0,10779,0.651976
2,Lokibot,4,yara-imphash,1,0,0,0,10779,0
2,Lokibot,4,yara-v2,1,0.2,0.000185546,2,10779,0.176292
2,Lokibot,5,sigma-mvp,0,0,0,0,10779,0
2,Lokibot,5,sigma-mvp + real neg,0,0,0,0,10779,0
2,Lokibot,5,exact + real neg,4,0,0,0,10779,0
2,Lokibot,5,ladder + synthetic neg,4,0,0,0,10779,0
2,Lokibot,5,ladder + real neg (v2),4,0,0,0,10779,0
2,Lokibot,5,"ladder + real neg, k=3",3,0,0,0,10779,0
2,Lokibot,5,shipped (packaged corpus),4,0,0,0,10779,0
2,Lokibot,5,yara-imphash,1,0,0,0,10779,0
2,Lokibot,5,yara-v2,1,0,0,0,10779,0
2,Lokibot,6,sigma-mvp,0,0,0,0,10779,0
2,Lokibot,6,sigma-mvp + real neg,0,0,0,0,10779,0
2,Lokibot,6,exact + real neg,2,0,0,0,10779,0
2,Lokibot,6,ladder + synthetic neg,2,0.00875912,0.00946284,102,10779,0.00911854
2,Lokibot,6,ladder + real neg (v2),2,0,0,0,10779,0
2,Lokibot,6,"ladder + real neg, k=3",2,0,0,0,10779,0
2,Lokibot,6,shipped (packaged corpus),2,0,0,0,10779,0
2,Lokibot,6,yara-imphash,1,0,0,0,10779,0
2,Lokibot,6,yara-v2,1,0,0,0,10779,0
2,Lokibot,7,sigma-mvp,0,0,0,0,10779,0
2,Lokibot,7,sigma-mvp + real neg,0,0,0,0,10779,0
2,Lokibot,7,exact + real neg,1,0,0,0,10779,0
2,Lokibot,7,ladder + synthetic neg,1,0,0,0,10779,0
2,Lokibot,7,ladder + real neg (v2),1,0,0,0,10779,0
2,Lokibot,7,"ladder + real neg, k=3",1,0,0,0,10779,0
2,Lokibot,7,shipped (packaged corpus),1,0,0,0,10779,0
2,Lokibot,7,yara-imphash,1,0,0,0,10779,0
2,Lokibot,7,yara-v2,1,0.163504,0.0024121,26,10779,0.144377
2,Lokibot,8,sigma-mvp,0,0,0,0,10779,0
2,Lokibot,8,sigma-mvp + real neg,0,0,0,0,10779,0
2,Lokibot,8,exact + real neg,5,0.613139,0,0,10779,0.635258
2,Lokibot,8,ladder + synthetic neg,5,0.613139,0,0,10779,0.635258
2,Lokibot,8,ladder + real neg (v2),5,0.613139,0,0,10779,0.635258
2,Lokibot,8,"ladder + real neg, k=3",3,0.613139,0,0,10779,0.635258
2,Lokibot,8,shipped (packaged corpus),5,0.613139,0,0,10779,0.635258
2,Lokibot,8,yara-imphash,1,0,0,0,10779,0
2,Lokibot,8,yara-v2,1,0.162044,0.000185546,2,10779,0.142857
2,Lokibot,9,sigma-mvp,0,0,0,0,10779,0
2,Lokibot,9,sigma-mvp + real neg,0,0,0,0,10779,0
2,Lokibot,9,exact + real neg,5,0.613139,0,0,10779,0.635258
2,Lokibot,9,ladder + synthetic neg,5,0.613139,0,0,10779,0.635258
2,Lokibot,9,ladder + real neg (v2),5,0.613139,0,0,10779,0.635258
2,Lokibot,9,"ladder + real neg, k=3",3,0.613139,0,0,10779,0.635258
2,Lokibot,9,shipped (packaged corpus),5,0.613139,0,0,10779,0.635258
2,Lokibot,9,yara-imphash,1,0,0,0,10779,0
2,Lokibot,9,yara-v2,1,0.070073,9.2773e-05,1,10779,0.0638298
2,Lokibot,0,"v2, 5 runs pooled",8.6,0.629197,0.000185546,2,10779,0.651976
2,Qakbot,0,sigma-mvp,3,0.989822,0.0456147,505,11071,0.989822
2,Qakbot,0,sigma-mvp + real neg,0,0,0,0,11071,0
2,Qakbot,0,exact + real neg,10,0.992366,0,0,11071,0.992366
2,Qakbot,0,ladder + synthetic neg,10,0.992366,0.408996,4528,11071,0.992366
2,Qakbot,0,ladder + real neg (v2),10,0.984733,0,0,11071,0.984733
2,Qakbot,0,"ladder + real neg, k=3",3,0.984733,0,0,11071,0.984733
2,Qakbot,0,shipped (packaged corpus),10,0.984733,0,0,11071,0.984733
2,Qakbot,0,yara-imphash,1,0,0,0,11071,0
2,Qakbot,0,yara-v2,1,0,0,0,11071,0
2,Qakbot,1,sigma-mvp,1,0.984733,0.00641315,71,11071,0.984733
2,Qakbot,1,sigma-mvp + real neg,0,0,0,0,11071,0
2,Qakbot,1,exact + real neg,8,0.984733,0,0,11071,0.984733
2,Qakbot,1,ladder + synthetic neg,9,0.992366,0.387228,4287,11071,0.992366
2,Qakbot,1,ladder + real neg (v2),8,0.984733,0,0,11071,0.984733
2,Qakbot,1,"ladder + real neg, k=3",3,0.0127226,0,0,11071,0.0127226
2,Qakbot,1,shipped (packaged corpus),8,0.984733,0,0,11071,0.984733
2,Qakbot,1,yara-imphash,1,0,0,0,11071,0
2,Qakbot,1,yara-v2,1,0,0,0,11071,0
2,Qakbot,2,sigma-mvp,1,0.984733,0.00641315,71,11071,0.984733
2,Qakbot,2,sigma-mvp + real neg,0,0,0,0,11071,0
2,Qakbot,2,exact + real neg,8,0.984733,0,0,11071,0.984733
2,Qakbot,2,ladder + synthetic neg,9,0.992366,0.387228,4287,11071,0.992366
2,Qakbot,2,ladder + real neg (v2),8,0.984733,0,0,11071,0.984733
2,Qakbot,2,"ladder + real neg, k=3",3,0.0127226,0,0,11071,0.0127226
2,Qakbot,2,shipped (packaged corpus),8,0.984733,0,0,11071,0.984733
2,Qakbot,2,yara-imphash,1,0,0,0,11071,0
2,Qakbot,2,yara-v2,1,0,0,0,11071,0
2,Qakbot,3,sigma-mvp,3,0.989822,0.0456147,505,11071,0.989822
2,Qakbot,3,sigma-mvp + real neg,0,0,0,0,11071,0
2,Qakbot,3,exact + real neg,10,0.992366,0,0,11071,0.992366
2,Qakbot,3,ladder + synthetic neg,10,0.992366,0.411074,4551,11071,0.992366
2,Qakbot,3,ladder + real neg (v2),10,0.984733,0,0,11071,0.984733
2,Qakbot,3,"ladder + real neg, k=3",3,0.984733,0,0,11071,0.984733
2,Qakbot,3,shipped (packaged corpus),10,0.984733,0,0,11071,0.984733
2,Qakbot,3,yara-imphash,1,0,0,0,11071,0
2,Qakbot,3,yara-v2,1,0,0,0,11071,0
2,Qakbot,4,sigma-mvp,3,0.989822,0.0456147,505,11071,0.989822
2,Qakbot,4,sigma-mvp + real neg,0,0,0,0,11071,0
2,Qakbot,4,exact + real neg,10,0.992366,0,0,11071,0.992366
2,Qakbot,4,ladder + synthetic neg,10,0.992366,0.408725,4525,11071,0.992366
2,Qakbot,4,ladder + real neg (v2),10,0.984733,0,0,11071,0.984733
2,Qakbot,4,"ladder + real neg, k=3",3,0.984733,0,0,11071,0.984733
2,Qakbot,4,shipped (packaged corpus),10,0.984733,0,0,11071,0.984733
2,Qakbot,4,yara-imphash,1,0,0,0,11071,0
2,Qakbot,4,yara-v2,1,0,0,0,11071,0
2,Qakbot,5,sigma-mvp,1,0.984733,0.00641315,71,11071,0.984733
2,Qakbot,5,sigma-mvp + real neg,0,0,0,0,11071,0
2,Qakbot,5,exact + real neg,8,0.992366,0,0,11071,0.992366
2,Qakbot,5,ladder + synthetic neg,8,0.992366,0.0173426,192,11071,0.992366
2,Qakbot,5,ladder + real neg (v2),8,0.992366,0,0,11071,0.992366
2,Qakbot,5,"ladder + real neg, k=3",3,0.979644,0,0,11071,0.979644
2,Qakbot,5,shipped (packaged corpus),8,0.992366,0,0,11071,0.992366
2,Qakbot,5,yara-imphash,1,0,0,0,11071,0
2,Qakbot,5,yara-v2,1,0,0,0,11071,0
2,Qakbot,6,sigma-mvp,3,0.989822,0.0456147,505,11071,0.989822
2,Qakbot,6,sigma-mvp + real neg,0,0,0,0,11071,0
2,Qakbot,6,exact + real neg,10,0.992366,0,0,11071,0.992366
2,Qakbot,6,ladder + synthetic neg,10,0.992366,0.452443,5009,11071,0.992366
2,Qakbot,6,ladder + real neg (v2),10,0.984733,0,0,11071,0.984733
2,Qakbot,6,"ladder + real neg, k=3",3,0.984733,0,0,11071,0.984733
2,Qakbot,6,shipped (packaged corpus),10,0.984733,0,0,11071,0.984733
2,Qakbot,6,yara-imphash,1,0,0,0,11071,0
2,Qakbot,6,yara-v2,1,0,0,0,11071,0
2,Qakbot,7,sigma-mvp,3,0.989822,0.0456147,505,11071,0.989822
2,Qakbot,7,sigma-mvp + real neg,0,0,0,0,11071,0
2,Qakbot,7,exact + real neg,10,0.992366,0,0,11071,0.992366
2,Qakbot,7,ladder + synthetic neg,10,0.994911,0.4267,4724,11071,0.994911
2,Qakbot,7,ladder + real neg (v2),10,0.984733,0,0,11071,0.984733
2,Qakbot,7,"ladder + real neg, k=3",3,0.984733,0,0,11071,0.984733
2,Qakbot,7,shipped (packaged corpus),10,0.984733,0,0,11071,0.984733
2,Qakbot,7,yara-imphash,1,0,0,0,11071,0
2,Qakbot,7,yara-v2,1,0,0,0,11071,0
2,Qakbot,8,sigma-mvp,3,0.989822,0.0456147,505,11071,0.989822
2,Qakbot,8,sigma-mvp + real neg,0,0,0,0,11071,0
2,Qakbot,8,exact + real neg,10,0.987277,0,0,11071,0.987277
2,Qakbot,8,ladder + synthetic neg,10,0.992366,0.433204,4796,11071,0.992366
2,Qakbot,8,ladder + real neg (v2),10,0.987277,0,0,11071,0.987277
2,Qakbot,8,"ladder + real neg, k=3",3,0.0305344,0,0,11071,0.0305344
2,Qakbot,8,shipped (packaged corpus),10,0.987277,0,0,11071,0.987277
2,Qakbot,8,yara-imphash,1,0,0,0,11071,0
2,Qakbot,8,yara-v2,1,0,0,0,11071,0
2,Qakbot,9,sigma-mvp,1,0.984733,0.00641315,71,11071,0.984733
2,Qakbot,9,sigma-mvp + real neg,0,0,0,0,11071,0
2,Qakbot,9,exact + real neg,8,0.984733,0,0,11071,0.984733
2,Qakbot,9,ladder + synthetic neg,8,0.992366,0.0173426,192,11071,0.992366
2,Qakbot,9,ladder + real neg (v2),8,0.984733,0,0,11071,0.984733
2,Qakbot,9,"ladder + real neg, k=3",3,0.0127226,0,0,11071,0.0127226
2,Qakbot,9,shipped (packaged corpus),8,0.984733,0,0,11071,0.984733
2,Qakbot,9,yara-imphash,1,0,0,0,11071,0
2,Qakbot,9,yara-v2,1,0,0,0,11071,0
2,Qakbot,0,"v2, 5 runs pooled",9.2,0.992366,0,0,11071,0.992366
2,Swisyn,0,sigma-mvp,0,0,0,0,7206,0
2,Swisyn,0,sigma-mvp + real neg,0,0,0,0,7206,0
2,Swisyn,0,exact + real neg,5,0.997651,0,0,7206,0.976923
2,Swisyn,0,ladder + synthetic neg,5,0.997651,0.0410769,296,7206,0.976923
2,Swisyn,0,ladder + real neg (v2),5,0.997651,0,0,7206,0.976923
2,Swisyn,0,"ladder + real neg, k=3",3,0.997417,0,0,7206,0.973077
2,Swisyn,0,shipped (packaged corpus),5,0.997651,0,0,7206,0.976923
2,Swisyn,0,yara-imphash,1,0.811884,0,0,7206,0.680769
2,Swisyn,0,yara-v2,1,0.813293,0,0,7206,0.692308
2,Swisyn,1,sigma-mvp,0,0,0,0,7206,0
2,Swisyn,1,sigma-mvp + real neg,0,0,0,0,7206,0
2,Swisyn,1,exact + real neg,5,0.997417,0,0,7206,0.973077
2,Swisyn,1,ladder + synthetic neg,5,0.997417,0,0,7206,0.973077
2,Swisyn,1,ladder + real neg (v2),5,0.997417,0,0,7206,0.973077
2,Swisyn,1,"ladder + real neg, k=3",3,0.997417,0,0,7206,0.973077
2,Swisyn,1,shipped (packaged corpus),5,0.997417,0,0,7206,0.973077
2,Swisyn,1,yara-imphash,1,0.175904,0,0,7206,0.257692
2,Swisyn,1,yara-v2,1,0.989667,0,0,7206,0.95
2,Swisyn,2,sigma-mvp,0,0,0,0,7206,0
2,Swisyn,2,sigma-mvp + real neg,0,0,0,0,7206,0
2,Swisyn,2,exact + real neg,5,0.997651,0,0,7206,0.976923
2,Swisyn,2,ladder + synthetic neg,5,0.997651,0.0410769,296,7206,0.976923
2,Swisyn,2,ladder + real neg (v2),5,0.997651,0,0,7206,0.976923
2,Swisyn,2,"ladder + real neg, k=3",3,0.997417,0,0,7206,0.973077
2,Swisyn,2,shipped (packaged corpus),5,0.997651,0,0,7206,0.976923
2,Swisyn,2,yara-imphash,1,0.811884,0,0,7206,0.680769
2,Swisyn,2,yara-v2,1,0.813293,0,0,7206,0.692308
2,Swisyn,3,sigma-mvp,0,0,0,0,7206,0
2,Swisyn,3,sigma-mvp + real neg,0,0,0,0,7206,0
2,Swisyn,3,exact + real neg,5,0.997651,0,0,7206,0.976923
2,Swisyn,3,ladder + synthetic neg,5,0.997651,0.0410769,296,7206,0.976923
2,Swisyn,3,ladder + real neg (v2),5,0.997651,0,0,7206,0.976923
2,Swisyn,3,"ladder + real neg, k=3",3,0.997417,0,0,7206,0.973077
2,Swisyn,3,shipped (packaged corpus),5,0.997651,0,0,7206,0.976923
2,Swisyn,3,yara-imphash,1,0.811884,0,0,7206,0.680769
2,Swisyn,3,yara-v2,1,0.813293,0,0,7206,0.692308
2,Swisyn,4,sigma-mvp,0,0,0,0,7206,0
2,Swisyn,4,sigma-mvp + real neg,0,0,0,0,7206,0
2,Swisyn,4,exact + real neg,5,0.997651,0,0,7206,0.976923
2,Swisyn,4,ladder + synthetic neg,5,0.997651,0.0410769,296,7206,0.976923
2,Swisyn,4,ladder + real neg (v2),5,0.997651,0,0,7206,0.976923
2,Swisyn,4,"ladder + real neg, k=3",3,0.997417,0,0,7206,0.973077
2,Swisyn,4,shipped (packaged corpus),5,0.997651,0,0,7206,0.976923
2,Swisyn,4,yara-imphash,1,0.811884,0,0,7206,0.680769
2,Swisyn,4,yara-v2,1,0.813293,0,0,7206,0.692308
2,Swisyn,5,sigma-mvp,0,0,0,0,7206,0
2,Swisyn,5,sigma-mvp + real neg,0,0,0,0,7206,0
2,Swisyn,5,exact + real neg,5,0.997651,0,0,7206,0.976923
2,Swisyn,5,ladder + synthetic neg,5,0.997651,0.0410769,296,7206,0.976923
2,Swisyn,5,ladder + real neg (v2),5,0.997651,0,0,7206,0.976923
2,Swisyn,5,"ladder + real neg, k=3",3,0.997417,0,0,7206,0.973077
2,Swisyn,5,shipped (packaged corpus),5,0.997651,0,0,7206,0.976923
2,Swisyn,5,yara-imphash,1,0.811884,0,0,7206,0.680769
2,Swisyn,5,yara-v2,1,0.813293,0,0,7206,0.692308
2,Swisyn,6,sigma-mvp,0,0,0,0,7206,0
2,Swisyn,6,sigma-mvp + real neg,0,0,0,0,7206,0
2,Swisyn,6,exact + real neg,5,0.997417,0,0,7206,0.973077
2,Swisyn,6,ladder + synthetic neg,5,0.997417,0,0,7206,0.973077
2,Swisyn,6,ladder + real neg (v2),5,0.997417,0,0,7206,0.973077
2,Swisyn,6,"ladder + real neg, k=3",3,0.997417,0,0,7206,0.973077
2,Swisyn,6,shipped (packaged corpus),5,0.997417,0,0,7206,0.973077
2,Swisyn,6,yara-imphash,1,0.175904,0,0,7206,0.257692
2,Swisyn,6,yara-v2,1,0.989667,0,0,7206,0.95
2,Swisyn,7,sigma-mvp,0,0,0,0,7206,0
2,Swisyn,7,sigma-mvp + real neg,0,0,0,0,7206,0
2,Swisyn,7,exact + real neg,5,0.997417,0,0,7206,0.973077
2,Swisyn,7,ladder + synthetic neg,5,0.997417,0,0,7206,0.973077
2,Swisyn,7,ladder + real neg (v2),5,0.997417,0,0,7206,0.973077
2,Swisyn,7,"ladder + real neg, k=3",3,0.997417,0,0,7206,0.973077
2,Swisyn,7,shipped (packaged corpus),5,0.997417,0,0,7206,0.973077
2,Swisyn,7,yara-imphash,1,0.175904,0,0,7206,0.257692
2,Swisyn,7,yara-v2,1,0.989667,0,0,7206,0.95
2,Swisyn,8,sigma-mvp,0,0,0,0,7206,0
2,Swisyn,8,sigma-mvp + real neg,0,0,0,0,7206,0
2,Swisyn,8,exact + real neg,5,0.997417,0,0,7206,0.973077
2,Swisyn,8,ladder + synthetic neg,5,0.997417,0,0,7206,0.973077
2,Swisyn,8,ladder + real neg (v2),5,0.997417,0,0,7206,0.973077
2,Swisyn,8,"ladder + real neg, k=3",3,0.997417,0,0,7206,0.973077
2,Swisyn,8,shipped (packaged corpus),5,0.997417,0,0,7206,0.973077
2,Swisyn,8,yara-imphash,1,0.175904,0,0,7206,0.257692
2,Swisyn,8,yara-v2,1,0.989667,0,0,7206,0.95
2,Swisyn,9,sigma-mvp,0,0,0,0,7206,0
2,Swisyn,9,sigma-mvp + real neg,0,0,0,0,7206,0
2,Swisyn,9,exact + real neg,5,0.997651,0,0,7206,0.976923
2,Swisyn,9,ladder + synthetic neg,5,0.997651,0.0410769,296,7206,0.976923
2,Swisyn,9,ladder + real neg (v2),5,0.997651,0,0,7206,0.976923
2,Swisyn,9,"ladder + real neg, k=3",3,0.997417,0,0,7206,0.973077
2,Swisyn,9,shipped (packaged corpus),5,0.997651,0,0,7206,0.976923
2,Swisyn,9,yara-imphash,1,0.811884,0,0,7206,0.680769
2,Swisyn,9,yara-v2,1,0.813293,0,0,7206,0.692308
2,Swisyn,0,"v2, 5 runs pooled",5,0.997651,0,0,7206,0.976923
2,Trickbot,0,sigma-mvp,0,0,0,0,10128,0
2,Trickbot,0,sigma-mvp + real neg,0,0,0,0,10128,0
2,Trickbot,0,exact + real neg,2,0,0,0,10128,0
2,Trickbot,0,ladder + synthetic neg,2,0,0,0,10128,0
2,Trickbot,0,ladder + real neg (v2),2,0,0,0,10128,0
2,Trickbot,0,"ladder + real neg, k=3",2,0,0,0,10128,0
2,Trickbot,0,shipped (packaged corpus),2,0,0,0,10128,0
2,Trickbot,0,yara-imphash,1,0,0,0,10128,0
2,Trickbot,0,yara-v2,1,0.0157186,0,0,10128,0.0223642
2,Trickbot,1,sigma-mvp,0,0,0,0,10128,0
2,Trickbot,1,sigma-mvp + real neg,0,0,0,0,10128,0
2,Trickbot,1,exact + real neg,3,0,0,0,10128,0
2,Trickbot,1,ladder + synthetic neg,3,0,0.000296209,3,10128,0
2,Trickbot,1,ladder + real neg (v2),3,0,0,0,10128,0
2,Trickbot,1,"ladder + real neg, k=3",3,0,0,0,10128,0
2,Trickbot,1,shipped (packaged corpus),3,0,0,0,10128,0
2,Trickbot,1,yara-imphash,1,0,0,0,10128,0
2,Trickbot,1,yara-v2,1,0,9.87362e-05,1,10128,0
2,Trickbot,2,sigma-mvp,1,0.00823353,0.0441351,447,10128,0.0106496
2,Trickbot,2,sigma-mvp + real neg,0,0,0,0,10128,0
2,Trickbot,2,exact + real neg,10,0.00823353,9.87362e-05,1,10128,0.0106496
2,Trickbot,2,ladder + synthetic neg,10,0.00973054,0.092812,940,10128,0.0127796
2,Trickbot,2,ladder + real neg (v2),10,0.00823353,9.87362e-05,1,10128,0.0106496
2,Trickbot,2,"ladder + real neg, k=3",3,0.000748503,9.87362e-05,1,10128,0.00106496
2,Trickbot,2,shipped (packaged corpus),10,0.00823353,9.87362e-05,1,10128,0.0106496
2,Trickbot,2,yara-imphash,1,0,0,0,10128,0
2,Trickbot,2,yara-v2,1,0,0.000394945,4,10128,0
2,Trickbot,3,sigma-mvp,0,0,0,0,10128,0
2,Trickbot,3,sigma-mvp + real neg,0,0,0,0,10128,0
2,Trickbot,3,exact + real neg,1,0,0,0,10128,0
2,Trickbot,3,ladder + synthetic neg,1,0,0,0,10128,0
2,Trickbot,3,ladder + real neg (v2),1,0,0,0,10128,0
2,Trickbot,3,"ladder + real neg, k=3",1,0,0,0,10128,0
2,Trickbot,3,shipped (packaged corpus),1,0,0,0,10128,0
2,Trickbot,3,yara-imphash,1,0,0,0,10128,0
2,Trickbot,3,yara-v2,1,0,0,0,10128,0
2,Trickbot,4,sigma-mvp,1,0.00823353,0.0441351,447,10128,0.0106496
2,Trickbot,4,sigma-mvp + real neg,0,0,0,0,10128,0
2,Trickbot,4,exact + real neg,10,0.00823353,9.87362e-05,1,10128,0.0106496
2,Trickbot,4,ladder + synthetic neg,10,0.00973054,0.092812,940,10128,0.0127796
2,Trickbot,4,ladder + real neg (v2),10,0.00823353,9.87362e-05,1,10128,0.0106496
2,Trickbot,4,"ladder + real neg, k=3",3,0.000748503,9.87362e-05,1,10128,0.00106496
2,Trickbot,4,shipped (packaged corpus),10,0.00823353,9.87362e-05,1,10128,0.0106496
2,Trickbot,4,yara-imphash,1,0,0,0,10128,0
2,Trickbot,4,yara-v2,1,0.184132,0.0484795,491,10128,0.261981
2,Trickbot,5,sigma-mvp,1,0.00823353,0.0441351,447,10128,0.0106496
2,Trickbot,5,sigma-mvp + real neg,0,0,0,0,10128,0
2,Trickbot,5,exact + real neg,10,0.00823353,9.87362e-05,1,10128,0.0106496
2,Trickbot,5,ladder + synthetic neg,10,0.00973054,0.092812,940,10128,0.0127796
2,Trickbot,5,ladder + real neg (v2),10,0.00823353,9.87362e-05,1,10128,0.0106496
2,Trickbot,5,"ladder + real neg, k=3",3,0.000748503,9.87362e-05,1,10128,0.00106496
2,Trickbot,5,shipped (packaged corpus),10,0.00823353,9.87362e-05,1,10128,0.0106496
2,Trickbot,5,yara-imphash,1,0,0,0,10128,0
2,Trickbot,5,yara-v2,1,0.00224551,0.0186611,189,10128,0.00319489
2,Trickbot,6,sigma-mvp,0,0,0,0,10128,0
2,Trickbot,6,sigma-mvp + real neg,0,0,0,0,10128,0
2,Trickbot,6,exact + real neg,1,0,0,0,10128,0
2,Trickbot,6,ladder + synthetic neg,1,0,0,0,10128,0
2,Trickbot,6,ladder + real neg (v2),1,0,0,0,10128,0
2,Trickbot,6,"ladder + real neg, k=3",1,0,0,0,10128,0
2,Trickbot,6,shipped (packaged corpus),1,0,0,0,10128,0
2,Trickbot,6,yara-imphash,1,0,0,0,10128,0
2,Trickbot,6,yara-v2,1,0,9.87362e-05,1,10128,0
2,Trickbot,7,sigma-mvp,1,0.00823353,0.0441351,447,10128,0.0106496
2,Trickbot,7,sigma-mvp + real neg,0,0,0,0,10128,0
2,Trickbot,7,exact + real neg,10,0.00823353,0,0,10128,0.0106496
2,Trickbot,7,ladder + synthetic neg,10,0.00898204,0.0442338,448,10128,0.0117146
2,Trickbot,7,ladder + real neg (v2),10,0.00823353,0,0,10128,0.0106496
2,Trickbot,7,"ladder + real neg, k=3",3,0.00823353,0,0,10128,0.0106496
2,Trickbot,7,shipped (packaged corpus),10,0.00823353,0,0,10128,0.0106496
2,Trickbot,7,yara-imphash,1,0,0,0,10128,0
2,Trickbot,7,yara-v2,1,0,0,0,10128,0
2,Trickbot,8,sigma-mvp,1,0.00823353,0.0441351,447,10128,0.0106496
2,Trickbot,8,sigma-mvp + real neg,0,0,0,0,10128,0
2,Trickbot,8,exact + real neg,10,0.00823353,9.87362e-05,1,10128,0.0106496
2,Trickbot,8,ladder + synthetic neg,10,0.0149701,0.101402,1027,10128,0.0202343
2,Trickbot,8,ladder + real neg (v2),10,0.00823353,9.87362e-05,1,10128,0.0106496
2,Trickbot,8,"ladder + real neg, k=3",3,0.00823353,9.87362e-05,1,10128,0.0106496
2,Trickbot,8,shipped (packaged corpus),10,0.00823353,9.87362e-05,1,10128,0.0106496
2,Trickbot,8,yara-imphash,1,0,0,0,10128,0
2,Trickbot,8,yara-v2,1,0.00374251,0.00335703,34,10128,0.00532481
2,Trickbot,9,sigma-mvp,0,0,0,0,10128,0
2,Trickbot,9,sigma-mvp + real neg,0,0,0,0,10128,0
2,Trickbot,9,exact + real neg,3,0,0,0,10128,0
2,Trickbot,9,ladder + synthetic neg,3,0,0,0,10128,0
2,Trickbot,9,ladder + real neg (v2),3,0,0,0,10128,0
2,Trickbot,9,"ladder + real neg, k=3",3,0,0,0,10128,0
2,Trickbot,9,shipped (packaged corpus),3,0,0,0,10128,0
2,Trickbot,9,yara-imphash,1,0,0,0,10128,0
2,Trickbot,9,yara-v2,1,0.0261976,0,0,10128,0.0372737
2,Trickbot,0,"v2, 5 runs pooled",5.2,0.00823353,9.87362e-05,1,10128,0.0106496
2,Ursnif,0,sigma-mvp,2,0.00398406,0.07526,825,10962,0.00399202
2,Ursnif,0,sigma-mvp + real neg,0,0,0,0,10962,0
2,Ursnif,0,exact + real neg,9,0.00796813,0,0,10962,0.00798403
2,Ursnif,0,ladder + synthetic neg,10,0.00796813,0.0509943,559,10962,0.00798403
2,Ursnif,0,ladder + real neg (v2),9,0.00796813,0,0,10962,0.00798403
2,Ursnif,0,"ladder + real neg, k=3",3,0.0059761,0,0,10962,0.00598802
2,Ursnif,0,shipped (packaged corpus),9,0.00796813,0,0,10962,0.00798403
2,Ursnif,0,yara-imphash,1,0,0,0,10962,0
2,Ursnif,0,yara-v2,1,0,0,0,10962,0
2,Ursnif,1,sigma-mvp,0,0,0,0,10962,0
2,Ursnif,1,sigma-mvp + real neg,0,0,0,0,10962,0
2,Ursnif,1,exact + real neg,4,0.00796813,0,0,10962,0.00798403
2,Ursnif,1,ladder + synthetic neg,4,0.0438247,0.0455209,499,10962,0.0439122
2,Ursnif,1,ladder + real neg (v2),4,0.0438247,0,0,10962,0.0439122
2,Ursnif,1,"ladder + real neg, k=3",3,0.0398406,0,0,10962,0.0399202
2,Ursnif,1,shipped (packaged corpus),4,0.0438247,0,0,10962,0.0439122
2,Ursnif,1,yara-imphash,1,0,0,0,10962,0
2,Ursnif,1,yara-v2,1,0,0,0,10962,0
2,Ursnif,2,sigma-mvp,0,0,0,0,10962,0
2,Ursnif,2,sigma-mvp + real neg,0,0,0,0,10962,0
2,Ursnif,2,exact + real neg,4,0.00796813,0,0,10962,0.00798403
2,Ursnif,2,ladder + synthetic neg,4,0.0438247,0.0455209,499,10962,0.0439122
2,Ursnif,2,ladder + real neg (v2),4,0.0438247,0,0,10962,0.0439122
2,Ursnif,2,"ladder + real neg, k=3",3,0.0418327,0,0,10962,0.0419162
2,Ursnif,2,shipped (packaged corpus),4,0.0438247,0,0,10962,0.0439122
2,Ursnif,2,yara-imphash,1,0,0,0,10962,0
2,Ursnif,2,yara-v2,1,0,0,0,10962,0
2,Ursnif,3,sigma-mvp,0,0,0,0,10962,0
2,Ursnif,3,sigma-mvp + real neg,0,0,0,0,10962,0
2,Ursnif,3,exact + real neg,1,0,0,0,10962,0
2,Ursnif,3,ladder + synthetic neg,2,0.00199203,0.0242656,266,10962,0.00199601
2,Ursnif,3,ladder + real neg (v2),1,0,0,0,10962,0
2,Ursnif,3,"ladder + real neg, k=3",1,0,0,0,10962,0
2,Ursnif,3,shipped (packaged corpus),1,0,0,0,10962,0
2,Ursnif,3,yara-imphash,1,0,0,0,10962,0
2,Ursnif,3,yara-v2,1,0,0,0,10962,0
2,Ursnif,4,sigma-mvp,1,0.00398406,0.0415982,456,10962,0.00399202
2,Ursnif,4,sigma-mvp + real neg,0,0,0,0,10962,0
2,Ursnif,4,exact + real neg,4,0,0,0,10962,0
2,Ursnif,4,ladder + synthetic neg,5,0.00398406,0.0509943,559,10962,0.00399202
2,Ursnif,4,ladder + real neg (v2),4,0,0,0,10962,0
2,Ursnif,4,"ladder + real neg, k=3",3,0,0,0,10962,0
2,Ursnif,4,shipped (packaged corpus),4,0,0,0,10962,0
2,Ursnif,4,yara-imphash,1,0,0,0,10962,0
2,Ursnif,4,yara-v2,1,0,0,0,10962,0
2,Ursnif,5,sigma-mvp,0,0,0,0,10962,0
2,Ursnif,5,sigma-mvp + real neg,0,0,0,0,10962,0
2,Ursnif,5,exact + real neg,4,0.00796813,0,0,10962,0.00798403
2,Ursnif,5,ladder + synthetic neg,4,0.0438247,0.0455209,499,10962,0.0439122
2,Ursnif,5,ladder + real neg (v2),4,0.0438247,0,0,10962,0.0439122
2,Ursnif,5,"ladder + real neg, k=3",3,0.0398406,0,0,10962,0.0399202
2,Ursnif,5,shipped (packaged corpus),4,0.0438247,0,0,10962,0.0439122
2,Ursnif,5,yara-imphash,1,0,0,0,10962,0
2,Ursnif,5,yara-v2,1,0,0,0,10962,0
2,Ursnif,6,sigma-mvp,0,0,0,0,10962,0
2,Ursnif,6,sigma-mvp + real neg,0,0,0,0,10962,0
2,Ursnif,6,exact + real neg,4,0.00796813,0,0,10962,0.00798403
2,Ursnif,6,ladder + synthetic neg,4,0.0438247,0.0455209,499,10962,0.0439122
2,Ursnif,6,ladder + real neg (v2),4,0.0438247,0,0,10962,0.0439122
2,Ursnif,6,"ladder + real neg, k=3",3,0.0398406,0,0,10962,0.0399202
2,Ursnif,6,shipped (packaged corpus),4,0.0438247,0,0,10962,0.0439122
2,Ursnif,6,yara-imphash,1,0,0,0,10962,0
2,Ursnif,6,yara-v2,1,0,0,0,10962,0
2,Ursnif,7,sigma-mvp,2,0.00398406,0.07526,825,10962,0.00399202
2,Ursnif,7,sigma-mvp + real neg,0,0,0,0,10962,0
2,Ursnif,7,exact + real neg,9,0.00796813,0,0,10962,0.00798403
2,Ursnif,7,ladder + synthetic neg,10,0.00796813,0.0509943,559,10962,0.00798403
2,Ursnif,7,ladder + real neg (v2),9,0.00796813,0,0,10962,0.00798403
2,Ursnif,7,"ladder + real neg, k=3",3,0.0059761,0,0,10962,0.00598802
2,Ursnif,7,shipped (packaged corpus),9,0.00796813,0,0,10962,0.00798403
2,Ursnif,7,yara-imphash,1,0,0,0,10962,0
2,Ursnif,7,yara-v2,1,0,0,0,10962,0
2,Ursnif,8,sigma-mvp,2,0.00398406,0.07526,825,10962,0.00399202
2,Ursnif,8,sigma-mvp + real neg,0,0,0,0,10962,0
2,Ursnif,8,exact + real neg,9,0.00796813,0,0,10962,0.00798403
2,Ursnif,8,ladder + synthetic neg,10,0.00796813,0.0973363,1067,10962,0.00798403
2,Ursnif,8,ladder + real neg (v2),9,0.00796813,0,0,10962,0.00798403
2,Ursnif,8,"ladder + real neg, k=3",3,0.00796813,0,0,10962,0.00798403
2,Ursnif,8,shipped (packaged corpus),10,0.00796813,0.000821018,9,10962,0.00798403
2,Ursnif,8,yara-imphash,1,0,0,0,10962,0
2,Ursnif,8,yara-v2,1,0,0,0,10962,0
2,Ursnif,9,sigma-mvp,0,0,0,0,10962,0
2,Ursnif,9,sigma-mvp + real neg,0,0,0,0,10962,0
2,Ursnif,9,exact + real neg,0,0,0,0,10962,0
2,Ursnif,9,ladder + synthetic neg,1,0,0,0,10962,0
2,Ursnif,9,ladder + real neg (v2),1,0,0,0,10962,0
2,Ursnif,9,"ladder + real neg, k=3",1,0,0,0,10962,0
2,Ursnif,9,shipped (packaged corpus),1,0,0,0,10962,0
2,Ursnif,9,yara-imphash,1,0,0,0,10962,0
2,Ursnif,9,yara-v2,1,0,0,0,10962,0
2,Ursnif,0,"v2, 5 runs pooled",4.4,0.0438247,0,0,10962,0.0439122
2,Zeus,0,sigma-mvp,1,0.472222,0.0513251,581,11320,0.448276
2,Zeus,0,sigma-mvp + real neg,0,0,0,0,11320,0
2,Zeus,0,exact + real neg,1,0.305556,0,0,11320,0.0344828
2,Zeus,0,ladder + synthetic neg,2,0.5625,0.452739,5125,11320,0.655172
2,Zeus,0,ladder + real neg (v2),2,0.305556,0,0,11320,0.0344828
2,Zeus,0,"ladder + real neg, k=3",2,0.305556,0,0,11320,0.0344828
2,Zeus,0,shipped (packaged corpus),2,0.305556,0,0,11320,0.0344828
2,Zeus,0,yara-imphash,1,0,0,0,11320,0
2,Zeus,0,yara-v2,1,0,0,0,11320,0
2,Zeus,1,sigma-mvp,1,0.194444,0.0379859,430,11320,0.482759
2,Zeus,1,sigma-mvp + real neg,0,0,0,0,11320,0
2,Zeus,1,exact + real neg,10,0.0138889,0.0040636,46,11320,0.0344828
2,Zeus,1,ladder + synthetic neg,10,0.201389,0.0469965,532,11320,0.5
2,Zeus,1,ladder + real neg (v2),10,0.0138889,0.00415194,47,11320,0.0344828
2,Zeus,1,"ladder + real neg, k=3",3,0,0,0,11320,0
2,Zeus,1,shipped (packaged corpus),10,0.0138889,0,0,11320,0.0344828
2,Zeus,1,yara-imphash,1,0,0,0,11320,0
2,Zeus,1,yara-v2,1,0,0,0,11320,0
2,Zeus,2,sigma-mvp,1,0.194444,0.0379859,430,11320,0.482759
2,Zeus,2,sigma-mvp + real neg,0,0,0,0,11320,0
2,Zeus,2,exact + real neg,10,0.0138889,0.0040636,46,11320,0.0344828
2,Zeus,2,ladder + synthetic neg,10,0.201389,0.0639576,724,11320,0.5
2,Zeus,2,ladder + real neg (v2),10,0.0138889,0.00415194,47,11320,0.0344828
2,Zeus,2,"ladder + real neg, k=3",3,0,0,0,11320,0
2,Zeus,2,shipped (packaged corpus),10,0.0138889,0,0,11320,0.0344828
2,Zeus,2,yara-imphash,1,0,0,0,11320,0
2,Zeus,2,yara-v2,1,0,0,0,11320,0
2,Zeus,3,sigma-mvp,2,0.520833,0.0664311,752,11320,0.568966
2,Zeus,3,sigma-mvp + real neg,0,0,0,0,11320,0
2,Zeus,3,exact + real neg,10,0.0138889,0.0040636,46,11320,0.0344828
2,Zeus,3,ladder + synthetic neg,10,0.208333,0.0530919,601,11320,0.517241
2,Zeus,3,ladder + real neg (v2),10,0.0138889,0.00415194,47,11320,0.0344828
2,Zeus,3,"ladder + real neg, k=3",3,0,0,0,11320,0
2,Zeus,3,shipped (packaged corpus),10,0.0138889,0,0,11320,0.0344828
2,Zeus,3,yara-imphash,1,0,0,0,11320,0
2,Zeus,3,yara-v2,1,0,0,0,11320,0
2,Zeus,4,sigma-mvp,1,0.194444,0.0379859,430,11320,0.482759
2,Zeus,4,sigma-mvp + real neg,0,0,0,0,11320,0
2,Zeus,4,exact + real neg,10,0.0138889,0.0040636,46,11320,0.0344828
2,Zeus,4,ladder + synthetic neg,10,0.201389,0.0469965,532,11320,0.5
2,Zeus,4,ladder + real neg (v2),10,0.0138889,0.00415194,47,11320,0.0344828
2,Zeus,4,"ladder + real neg, k=3",3,0.0138889,0,0,11320,0.0344828
2,Zeus,4,shipped (packaged corpus),10,0.0138889,0,0,11320,0.0344828
2,Zeus,4,yara-imphash,1,0,0,0,11320,0
2,Zeus,4,yara-v2,1,0,0,0,11320,0
2,Zeus,5,sigma-mvp,0,0,0,0,11320,0
2,Zeus,5,sigma-mvp + real neg,0,0,0,0,11320,0
2,Zeus,5,exact + real neg,10,0,0,0,11320,0
2,Zeus,5,ladder + synthetic neg,10,0.0138889,0.00538869,61,11320,0.0344828
2,Zeus,5,ladder + real neg (v2),10,0.0138889,0,0,11320,0.0344828
2,Zeus,5,"ladder + real neg, k=3",3,0,0,0,11320,0
2,Zeus,5,shipped (packaged corpus),10,0.0138889,0,0,11320,0.0344828
2,Zeus,5,yara-imphash,1,0,0,0,11320,0
2,Zeus,5,yara-v2,0,0,0,0,11320,0
2,Zeus,6,sigma-mvp,1,0.472222,0.0513251,581,11320,0.448276
2,Zeus,6,sigma-mvp + real neg,0,0,0,0,11320,0
2,Zeus,6,exact + real neg,8,0.0208333,8.83392e-05,1,11320,0.0517241
2,Zeus,6,ladder + synthetic neg,10,0.152778,0.158746,1797,11320,0.37931
2,Zeus,6,ladder + real neg (v2),8,0.0208333,8.83392e-05,1,11320,0.0517241
2,Zeus,6,"ladder + real neg, k=3",3,0,0,0,11320,0
2,Zeus,6,shipped (packaged corpus),8,0.0208333,8.83392e-05,1,11320,0.0517241
2,Zeus,6,yara-imphash,1,0,0,0,11320,0
2,Zeus,6,yara-v2,1,0,0,0,11320,0
2,Zeus,7,sigma-mvp,1,0.472222,0.0513251,581,11320,0.448276
2,Zeus,7,sigma-mvp + real neg,0,0,0,0,11320,0
2,Zeus,7,exact + real neg,2,0.3125,8.83392e-05,1,11320,0.0344828
2,Zeus,7,ladder + synthetic neg,2,0.3125,0.000176678,2,11320,0.0344828
2,Zeus,7,ladder + real neg (v2),2,0.3125,0.000176678,2,11320,0.0344828
2,Zeus,7,"ladder + real neg, k=3",2,0.3125,0.000176678,2,11320,0.0344828
2,Zeus,7,shipped (packaged corpus),2,0.3125,0.000176678,2,11320,0.0344828
2,Zeus,7,yara-imphash,1,0.00694444,0,0,11320,0
2,Zeus,7,yara-v2,1,0.00694444,0,0,11320,0
2,Zeus,8,sigma-mvp,1,0.194444,0.0379859,430,11320,0.482759
2,Zeus,8,sigma-mvp + real neg,0,0,0,0,11320,0
2,Zeus,8,exact + real neg,10,0.0138889,0.0040636,46,11320,0.0344828
2,Zeus,8,ladder + synthetic neg,10,0.201389,0.0946996,1072,11320,0.5
2,Zeus,8,ladder + real neg (v2),10,0.0138889,0.00415194,47,11320,0.0344828
2,Zeus,8,"ladder + real neg, k=3",3,0,0,0,11320,0
2,Zeus,8,shipped (packaged corpus),10,0.0138889,0,0,11320,0.0344828
2,Zeus,8,yara-imphash,1,0,0,0,11320,0
2,Zeus,8,yara-v2,1,0,0,0,11320,0
2,Zeus,9,sigma-mvp,1,0.194444,0.0379859,430,11320,0.482759
2,Zeus,9,sigma-mvp + real neg,0,0,0,0,11320,0
2,Zeus,9,exact + real neg,2,0.0138889,0,0,11320,0.0344828
2,Zeus,9,ladder + synthetic neg,2,0.194444,0.0380742,431,11320,0.482759
2,Zeus,9,ladder + real neg (v2),2,0.0138889,0,0,11320,0.0344828
2,Zeus,9,"ladder + real neg, k=3",2,0.0138889,0,0,11320,0.0344828
2,Zeus,9,shipped (packaged corpus),2,0.0138889,0,0,11320,0.0344828
2,Zeus,9,yara-imphash,1,0,0,0,11320,0
2,Zeus,9,yara-v2,1,0,0,0,11320,0
2,Zeus,0,"v2, 5 runs pooled",8.4,0.319444,0.00415194,47,11320,0.0689655
2,njRAT,0,sigma-mvp,0,0,0,0,10921,0
2,njRAT,0,sigma-mvp + real neg,0,0,0,0,10921,0
2,njRAT,0,exact + real neg,5,0,0,0,10921,0
2,njRAT,0,ladder + synthetic neg,9,0.346225,0.0854317,933,10921,0.364008
2,njRAT,0,ladder + real neg (v2),5,0.014733,0.000366267,4,10921,0.0163599
2,njRAT,0,"ladder + real neg, k=3",3,0.014733,0.000366267,4,10921,0.0163599
2,njRAT,0,shipped (packaged corpus),5,0.014733,0.000366267,4,10921,0.0163599
2,njRAT,0,yara-imphash,1,0.0165746,0,0,10921,0.0184049
2,njRAT,0,yara-v2,1,0.14733,0.00228917,25,10921,0.159509
2,njRAT,1,sigma-mvp,1,0.372007,0.0409303,447,10921,0.408998
2,njRAT,1,sigma-mvp + real neg,0,0,0,0,10921,0
2,njRAT,1,exact + real neg,10,0.370166,9.15667e-05,1,10921,0.390593
2,njRAT,1,ladder + synthetic neg,10,0.430939,0.0289351,316,10921,0.458078
2,njRAT,1,ladder + real neg (v2),10,0.38674,0.0002747,3,10921,0.408998
2,njRAT,1,"ladder + real neg, k=3",3,0,0,0,10921,0
2,njRAT,1,shipped (packaged corpus),10,0.388582,0.000183133,2,10921,0.411043
2,njRAT,1,yara-imphash,1,0.00184162,0,0,10921,0.00204499
2,njRAT,1,yara-v2,1,0.00184162,0,0,10921,0.00204499
2,njRAT,2,sigma-mvp,1,0.372007,0.0409303,447,10921,0.408998
2,njRAT,2,sigma-mvp + real neg,0,0,0,0,10921,0
2,njRAT,2,exact + real neg,10,0.379374,0,0,10921,0.400818
2,njRAT,2,ladder + synthetic neg,10,0.372007,0.0030217,33,10921,0.392638
2,njRAT,2,ladder + real neg (v2),10,0.423573,0.00100723,11,10921,0.449898
2,njRAT,2,"ladder + real neg, k=3",3,0.0276243,0.000183133,2,10921,0.0306748
2,njRAT,2,shipped (packaged corpus),10,0.39779,0.000183133,2,10921,0.421268
2,njRAT,2,yara-imphash,1,0.0165746,0,0,10921,0.0184049
2,njRAT,2,yara-v2,1,0.14733,0.00228917,25,10921,0.159509
2,njRAT,3,sigma-mvp,2,0.377532,0.0569545,622,10921,0.415133
2,njRAT,3,sigma-mvp + real neg,0,0,0,0,10921,0
2,njRAT,3,exact + real neg,10,0,0,0,10921,0
2,njRAT,3,ladder + synthetic neg,10,0.0718232,0.181943,1987,10921,0.0797546
2,njRAT,3,ladder + real neg (v2),7,0,0,0,10921,0
2,njRAT,3,"ladder + real neg, k=3",3,0,0,0,10921,0
2,njRAT,3,shipped (packaged corpus),7,0,0,0,10921,0
2,njRAT,3,yara-imphash,1,0,0,0,10921,0
2,njRAT,3,yara-v2,1,0,0,0,10921,0
2,njRAT,4,sigma-mvp,1,0.372007,0.0409303,447,10921,0.408998
2,njRAT,4,sigma-mvp + real neg,0,0,0,0,10921,0
2,njRAT,4,exact + real neg,10,0.379374,0,0,10921,0.400818
2,njRAT,4,ladder + synthetic neg,10,0.381215,0.00293013,32,10921,0.402863
2,njRAT,4,ladder + real neg (v2),10,0.430939,0.000915667,10,10921,0.458078
2,njRAT,4,"ladder + real neg, k=3",3,0.0276243,0,0,10921,0.0306748
2,njRAT,4,shipped (packaged corpus),10,0.39779,0.000183133,2,10921,0.421268
2,njRAT,4,yara-imphash,1,0.101289,0.0021976,24,10921,0.110429
2,njRAT,4,yara-v2,1,0.123389,0.0021976,24,10921,0.134969
2,njRAT,5,sigma-mvp,0,0,0,0,10921,0
2,njRAT,5,sigma-mvp + real neg,0,0,0,0,10921,0
2,njRAT,5,exact + real neg,3,0.11418,0.000183133,2,10921,0.0879346
2,njRAT,5,ladder + synthetic neg,9,0.38674,0.169582,1852,10921,0.345603
2,njRAT,5,ladder + real neg (v2),3,0.11418,0.000183133,2,10921,0.0879346
2,njRAT,5,"ladder + real neg, k=3",3,0.11418,0.000183133,2,10921,0.0879346
2,njRAT,5,shipped (packaged corpus),1,0.00552486,0.000457834,5,10921,0.00613497
2,njRAT,5,yara-imphash,1,0.384899,0.00787474,86,10921,0.376278
2,njRAT,5,yara-v2,0,0,0,0,10921,0
2,njRAT,6,sigma-mvp,0,0,0,0,10921,0
2,njRAT,6,sigma-mvp + real neg,0,0,0,0,10921,0
2,njRAT,6,exact + real neg,3,0.0184162,9.15667e-05,1,10921,0.0204499
2,njRAT,6,ladder + synthetic neg,5,0.620626,0.506639,5533,10921,0.633947
2,njRAT,6,ladder + real neg (v2),5,0.0847145,0.000640967,7,10921,0.0940695
2,njRAT,6,"ladder + real neg, k=3",3,0.0294659,9.15667e-05,1,10921,0.0327198
2,njRAT,6,shipped (packaged corpus),5,0.0294659,9.15667e-05,1,10921,0.0327198
2,njRAT,6,yara-imphash,1,0.00368324,9.15667e-05,1,10921,0.00204499
2,njRAT,6,yara-v2,1,0.149171,0.00228917,25,10921,0.161554
2,njRAT,7,sigma-mvp,1,0.372007,0.0409303,447,10921,0.408998
2,njRAT,7,sigma-mvp + real neg,0,0,0,0,10921,0
2,njRAT,7,exact + real neg,6,0.00368324,0,0,10921,0.00204499
2,njRAT,7,ladder + synthetic neg,6,0.00368324,0,0,10921,0.00204499
2,njRAT,7,ladder + real neg (v2),6,0.00368324,0,0,10921,0.00204499
2,njRAT,7,"ladder + real neg, k=3",3,0,0,0,10921,0
2,njRAT,7,shipped (packaged corpus),6,0.00368324,0,0,10921,0.00204499
2,njRAT,7,yara-imphash,1,0.0165746,0,0,10921,0.0163599
2,njRAT,7,yara-v2,1,0.0165746,0,0,10921,0.0163599
2,njRAT,8,sigma-mvp,1,0.372007,0.0409303,447,10921,0.408998
2,njRAT,8,sigma-mvp + real neg,0,0,0,0,10921,0
2,njRAT,8,exact + real neg,10,0.370166,0,0,10921,0.390593
2,njRAT,8,ladder + synthetic neg,10,0.46593,0.0355279,388,10921,0.496933
2,njRAT,8,ladder + real neg (v2),10,0.38674,0.000183133,2,10921,0.408998
2,njRAT,8,"ladder + real neg, k=3",3,0,0,0,10921,0
2,njRAT,8,shipped (packaged corpus),10,0.388582,0.000183133,2,10921,0.411043
2,njRAT,8,yara-imphash,1,0,9.15667e-05,1,10921,0
2,njRAT,8,yara-v2,0,0,0,0,10921,0
2,njRAT,9,sigma-mvp,1,0.372007,0.0409303,447,10921,0.408998
2,njRAT,9,sigma-mvp + real neg,0,0,0,0,10921,0
2,njRAT,9,exact + real neg,10,0.375691,0,0,10921,0.396728
2,njRAT,9,ladder + synthetic neg,10,0.467772,0.0299423,327,10921,0.498978
2,njRAT,9,ladder + real neg (v2),10,0.418048,0.0008241,9,10921,0.443763
2,njRAT,9,"ladder + real neg, k=3",3,0.00184162,0,0,10921,0.00204499
2,njRAT,9,shipped (packaged corpus),10,0.390424,0.000183133,2,10921,0.413088
2,njRAT,9,yara-imphash,1,0.00184162,0,0,10921,0.00204499
2,njRAT,9,yara-v2,1,0.14733,0.00228917,25,10921,0.159509
2,njRAT,0,"v2, 5 runs pooled",8.4,0.436464,0.00155663,17,10921,0.464213
3,Adload,0,sigma-mvp,0,0,0,0,11459,0
3,Adload,0,sigma-mvp + real neg,0,0,0,0,11459,0
3,Adload,0,exact + real neg,2,0.2,0,0,11459,0
3,Adload,0,ladder + synthetic neg,2,0.2,0,0,11459,0
3,Adload,0,ladder + real neg (v2),2,0.2,0,0,11459,0
3,Adload,0,"ladder + real neg, k=3",2,0.2,0,0,11459,0
3,Adload,0,shipped (packaged corpus),2,0.2,0,0,11459,0
3,Adload,0,yara-imphash,1,0,0,0,11459,0
3,Adload,0,yara-v2,1,0,0,0,11459,0
3,Adload,1,sigma-mvp,0,0,0,0,11459,0
3,Adload,1,sigma-mvp + real neg,0,0,0,0,11459,0
3,Adload,1,exact + real neg,10,0,0,0,11459,0
3,Adload,1,ladder + synthetic neg,10,0,0,0,11459,0
3,Adload,1,ladder + real neg (v2),10,0,0,0,11459,0
3,Adload,1,"ladder + real neg, k=3",3,0,0,0,11459,0
3,Adload,1,shipped (packaged corpus),10,0,0,0,11459,0
3,Adload,1,yara-imphash,1,0,0,0,11459,0
3,Adload,1,yara-v2,1,0,0,0,11459,0
3,Adload,2,sigma-mvp,0,0,0,0,11459,0
3,Adload,2,sigma-mvp + real neg,0,0,0,0,11459,0
3,Adload,2,exact + real neg,1,0,0,0,11459,0
3,Adload,2,ladder + synthetic neg,1,0,0,0,11459,0
3,Adload,2,ladder + real neg (v2),1,0,0,0,11459,0
3,Adload,2,"ladder + real neg, k=3",1,0,0,0,11459,0
3,Adload,2,shipped (packaged corpus),1,0,0,0,11459,0
3,Adload,2,yara-imphash,1,0,0,0,11459,0
3,Adload,2,yara-v2,1,0,0,0,11459,0
3,Adload,3,sigma-mvp,0,0,0,0,11459,0
3,Adload,3,sigma-mvp + real neg,0,0,0,0,11459,0
3,Adload,3,exact + real neg,1,0,0,0,11459,0
3,Adload,3,ladder + synthetic neg,1,0,0,0,11459,0
3,Adload,3,ladder + real neg (v2),1,0,0,0,11459,0
3,Adload,3,"ladder + real neg, k=3",1,0,0,0,11459,0
3,Adload,3,shipped (packaged corpus),1,0,0,0,11459,0
3,Adload,3,yara-imphash,1,0,0,0,11459,0
3,Adload,3,yara-v2,1,0,0,0,11459,0
3,Adload,4,sigma-mvp,0,0,0,0,11459,0
3,Adload,4,sigma-mvp + real neg,0,0,0,0,11459,0
3,Adload,4,exact + real neg,1,0,0,0,11459,0
3,Adload,4,ladder + synthetic neg,1,0,0,0,11459,0
3,Adload,4,ladder + real neg (v2),1,0,0,0,11459,0
3,Adload,4,"ladder + real neg, k=3",1,0,0,0,11459,0
3,Adload,4,shipped (packaged corpus),1,0,0,0,11459,0
3,Adload,4,yara-imphash,1,0,0,0,11459,0
3,Adload,4,yara-v2,1,0,0,0,11459,0
3,Adload,5,sigma-mvp,0,0,0,0,11459,0
3,Adload,5,sigma-mvp + real neg,0,0,0,0,11459,0
3,Adload,5,exact + real neg,1,0,0,0,11459,0
3,Adload,5,ladder + synthetic neg,1,0,0,0,11459,0
3,Adload,5,ladder + real neg (v2),1,0,0,0,11459,0
3,Adload,5,"ladder + real neg, k=3",1,0,0,0,11459,0
3,Adload,5,shipped (packaged corpus),1,0,0,0,11459,0
3,Adload,5,yara-imphash,1,0,0,0,11459,0
3,Adload,5,yara-v2,1,0,0.000785409,9,11459,0
3,Adload,6,sigma-mvp,0,0,0,0,11459,0
3,Adload,6,sigma-mvp + real neg,0,0,0,0,11459,0
3,Adload,6,exact + real neg,1,0,0,0,11459,0
3,Adload,6,ladder + synthetic neg,1,0,0,0,11459,0
3,Adload,6,ladder + real neg (v2),1,0,0,0,11459,0
3,Adload,6,"ladder + real neg, k=3",1,0,0,0,11459,0
3,Adload,6,shipped (packaged corpus),1,0,0,0,11459,0
3,Adload,6,yara-imphash,1,0,0,0,11459,0
3,Adload,6,yara-v2,1,0,0,0,11459,0
3,Adload,7,sigma-mvp,0,0,0,0,11459,0
3,Adload,7,sigma-mvp + real neg,0,0,0,0,11459,0
3,Adload,7,exact + real neg,2,0.2,0,0,11459,0
3,Adload,7,ladder + synthetic neg,2,0.2,0,0,11459,0
3,Adload,7,ladder + real neg (v2),2,0.2,0,0,11459,0
3,Adload,7,"ladder + real neg, k=3",2,0.2,0,0,11459,0
3,Adload,7,shipped (packaged corpus),2,0.2,0,0,11459,0
3,Adload,7,yara-imphash,1,0,0,0,11459,0
3,Adload,7,yara-v2,1,0,0,0,11459,0
3,Adload,8,sigma-mvp,0,0,0,0,11459,0
3,Adload,8,sigma-mvp + real neg,0,0,0,0,11459,0
3,Adload,8,exact + real neg,2,0.2,0,0,11459,0
3,Adload,8,ladder + synthetic neg,2,0.2,0,0,11459,0
3,Adload,8,ladder + real neg (v2),2,0.2,0,0,11459,0
3,Adload,8,"ladder + real neg, k=3",2,0.2,0,0,11459,0
3,Adload,8,shipped (packaged corpus),2,0.2,0,0,11459,0
3,Adload,8,yara-imphash,1,0,0,0,11459,0
3,Adload,8,yara-v2,1,0,0,0,11459,0
3,Adload,9,sigma-mvp,0,0,0,0,11459,0
3,Adload,9,sigma-mvp + real neg,0,0,0,0,11459,0
3,Adload,9,exact + real neg,1,0,0,0,11459,0
3,Adload,9,ladder + synthetic neg,1,0,0,0,11459,0
3,Adload,9,ladder + real neg (v2),1,0,0,0,11459,0
3,Adload,9,"ladder + real neg, k=3",1,0,0,0,11459,0
3,Adload,9,shipped (packaged corpus),1,0,0,0,11459,0
3,Adload,9,yara-imphash,1,0,0,0,11459,0
3,Adload,9,yara-v2,1,0.2,0,0,11459,0.25
3,Adload,0,"v2, 5 runs pooled",3,0.2,0,0,11459,0
3,Emotet,0,sigma-mvp,0,0,0,0,7935,0
3,Emotet,0,sigma-mvp + real neg,0,0,0,0,7935,0
3,Emotet,0,exact + real neg,3,0.000283366,0,0,7935,0.000289268
3,Emotet,0,ladder + synthetic neg,3,0.0017002,0.000252048,2,7935,0.00173561
3,Emotet,0,ladder + real neg (v2),3,0.0017002,0,0,7935,0.00173561
3,Emotet,0,"ladder + real neg, k=3",3,0.0017002,0,0,7935,0.00173561
3,Emotet,0,shipped (packaged corpus),3,0.0017002,0.000252048,2,7935,0.00173561
3,Emotet,0,yara-imphash,1,0,0,0,7935,0
3,Emotet,0,yara-v2,1,0,0,0,7935,0
3,Emotet,1,sigma-mvp,0,0,0,0,7935,0
3,Emotet,1,sigma-mvp + real neg,0,0,0,0,7935,0
3,Emotet,1,exact + real neg,5,0.000850099,0,0,7935,0.000867804
3,Emotet,1,ladder + synthetic neg,10,0.478606,0.0438563,348,7935,0.487995
3,Emotet,1,ladder + real neg (v2),5,0.000850099,0,0,7935,0.000867804
3,Emotet,1,"ladder + real neg, k=3",3,0.000850099,0,0,7935,0.000867804
3,Emotet,1,shipped (packaged corpus),5,0.000850099,0,0,7935,0.000867804
3,Emotet,1,yara-imphash,1,0,0,0,7935,0
3,Emotet,1,yara-v2,1,0,0,0,7935,0
3,Emotet,2,sigma-mvp,0,0,0,0,7935,0
3,Emotet,2,sigma-mvp + real neg,0,0,0,0,7935,0
3,Emotet,2,exact + real neg,3,0.000283366,0,0,7935,0.000289268
3,Emotet,2,ladder + synthetic neg,7,0.43185,0.0374291,297,7935,0.440266
3,Emotet,2,ladder + real neg (v2),3,0.0017002,0,0,7935,0.00173561
3,Emotet,2,"ladder + real neg, k=3",3,0.0017002,0,0,7935,0.00173561
3,Emotet,2,shipped (packaged corpus),3,0.0017002,0.000252048,2,7935,0.00173561
3,Emotet,2,yara-imphash,1,0,0,0,7935,0
3,Emotet,2,yara-v2,1,0,0,0,7935,0
3,Emotet,3,sigma-mvp,0,0,0,0,7935,0
3,Emotet,3,sigma-mvp + real neg,0,0,0,0,7935,0
3,Emotet,3,exact + real neg,3,0,0,0,7935,0
3,Emotet,3,ladder + synthetic neg,3,0,0,0,7935,0
3,Emotet,3,ladder + real neg (v2),3,0,0,0,7935,0
3,Emotet,3,"ladder + real neg, k=3",3,0,0,0,7935,0
3,Emotet,3,shipped (packaged corpus),3,0,0,0,7935,0
3,Emotet,3,yara-imphash,1,0,0,0,7935,0
3,Emotet,3,yara-v2,1,0,0,0,7935,0
3,Emotet,4,sigma-mvp,0,0,0,0,7935,0
3,Emotet,4,sigma-mvp + real neg,0,0,0,0,7935,0
3,Emotet,4,exact + real neg,5,0.000850099,0,0,7935,0.000867804
3,Emotet,4,ladder + synthetic neg,9,0.431284,0.0371771,295,7935,0.439688
3,Emotet,4,ladder + real neg (v2),5,0.000850099,0,0,7935,0.000867804
3,Emotet,4,"ladder + real neg, k=3",3,0.000850099,0,0,7935,0.000867804
3,Emotet,4,shipped (packaged corpus),5,0.000850099,0,0,7935,0.000867804
3,Emotet,4,yara-imphash,1,0,0,0,7935,0
3,Emotet,4,yara-v2,1,0,0,0,7935,0
3,Emotet,5,sigma-mvp,0,0,0,0,7935,0
3,Emotet,5,sigma-mvp + real neg,0,0,0,0,7935,0
3,Emotet,5,exact + real neg,3,0.000850099,0,0,7935,0.000867804
3,Emotet,5,ladder + synthetic neg,3,0.000850099,0,0,7935,0.000867804
3,Emotet,5,ladder + real neg (v2),3,0.000850099,0,0,7935,0.000867804
3,Emotet,5,"ladder + real neg, k=3",3,0.000850099,0,0,7935,0.000867804
3,Emotet,5,shipped (packaged corpus),3,0.000850099,0,0,7935,0.000867804
3,Emotet,5,yara-imphash,1,0,0,0,7935,0
3,Emotet,5,yara-v2,1,0,0,0,7935,0
3,Emotet,6,sigma-mvp,0,0,0,0,7935,0
3,Emotet,6,sigma-mvp + real neg,0,0,0,0,7935,0
3,Emotet,6,exact + real neg,3,0,0,0,7935,0
3,Emotet,6,ladder + synthetic neg,6,0.109663,0.036673,291,7935,0.111947
3,Emotet,6,ladder + real neg (v2),3,0,0,0,7935,0
3,Emotet,6,"ladder + real neg, k=3",3,0,0,0,7935,0
3,Emotet,6,shipped (packaged corpus),3,0,0,0,7935,0
3,Emotet,6,yara-imphash,1,0,0,0,7935,0
3,Emotet,6,yara-v2,1,0,0,0,7935,0
3,Emotet,7,sigma-mvp,0,0,0,0,7935,0
3,Emotet,7,sigma-mvp + real neg,0,0,0,0,7935,0
3,Emotet,7,exact + real neg,1,0,0,0,7935,0
3,Emotet,7,ladder + synthetic neg,1,0,0,0,7935,0
3,Emotet,7,ladder + real neg (v2),1,0,0,0,7935,0
3,Emotet,7,"ladder + real neg, k=3",1,0,0,0,7935,0
3,Emotet,7,shipped (packaged corpus),1,0,0,0,7935,0
3,Emotet,7,yara-imphash,0,0,0,0,7935,0
3,Emotet,7,yara-v2,0,0,0,0,7935,0
3,Emotet,8,sigma-mvp,0,0,0,0,7935,0
3,Emotet,8,sigma-mvp + real neg,0,0,0,0,7935,0
3,Emotet,8,exact + real neg,3,0.000283366,0,0,7935,0.000289268
3,Emotet,8,ladder + synthetic neg,7,0.43185,0.0374291,297,7935,0.440266
3,Emotet,8,ladder + real neg (v2),3,0.0017002,0,0,7935,0.00173561
3,Emotet,8,"ladder + real neg, k=3",3,0.0017002,0,0,7935,0.00173561
3,Emotet,8,shipped (packaged corpus),3,0.0017002,0.000252048,2,7935,0.00173561
3,Emotet,8,yara-imphash,1,0,0,0,7935,0
3,Emotet,8,yara-v2,1,0,0,0,7935,0
3,Emotet,9,sigma-mvp,0,0,0,0,7935,0
3,Emotet,9,sigma-mvp + real neg,0,0,0,0,7935,0
3,Emotet,9,exact + real neg,4,0.00226693,0,0,7935,0.00231415
3,Emotet,9,ladder + synthetic neg,5,0.0750921,0.0298677,237,7935,0.0766561
3,Emotet,9,ladder + real neg (v2),4,0.00368376,0,0,7935,0.00376049
3,Emotet,9,"ladder + real neg, k=3",3,0.0017002,0,0,7935,0.00173561
3,Emotet,9,shipped (packaged corpus),4,0.00368376,0.000252048,2,7935,0.00376049
3,Emotet,9,yara-imphash,1,0,0,0,7935,0
3,Emotet,9,yara-v2,1,0,0,0,7935,0
3,Emotet,0,"v2, 5 runs pooled",3.8,0.0025503,0,0,7935,0.00260341
3,Lokibot,0,sigma-mvp,0,0,0,0,10779,0
3,Lokibot,0,sigma-mvp + real neg,0,0,0,0,10779,0
3,Lokibot,0,exact + real neg,4,0.613139,0,0,10779,0.635258
3,Lokibot,0,ladder + synthetic neg,4,0.613139,0,0,10779,0.635258
3,Lokibot,0,ladder + real neg (v2),4,0.613139,0,0,10779,0.635258
3,Lokibot,0,"ladder + real neg, k=3",3,0.613139,0,0,10779,0.635258
3,Lokibot,0,shipped (packaged corpus),4,0.613139,0,0,10779,0.635258
3,Lokibot,0,yara-imphash,1,0.0145985,0,0,10779,0.0151976
3,Lokibot,0,yara-v2,1,0.0145985,0,0,10779,0.0151976
3,Lokibot,1,sigma-mvp,0,0,0,0,10779,0
3,Lokibot,1,sigma-mvp + real neg,0,0,0,0,10779,0
3,Lokibot,1,exact + real neg,6,0.613139,0,0,10779,0.635258
3,Lokibot,1,ladder + synthetic neg,6,0.613139,0,0,10779,0.635258
3,Lokibot,1,ladder + real neg (v2),6,0.613139,0,0,10779,0.635258
3,Lokibot,1,"ladder + real neg, k=3",3,0.613139,0,0,10779,0.635258
3,Lokibot,1,shipped (packaged corpus),6,0.613139,0,0,10779,0.635258
3,Lokibot,1,yara-imphash,1,0,0,0,10779,0
3,Lokibot,1,yara-v2,1,0,0,0,10779,0
3,Lokibot,2,sigma-mvp,0,0,0,0,10779,0
3,Lokibot,2,sigma-mvp + real neg,0,0,0,0,10779,0
3,Lokibot,2,exact + real neg,6,0.613139,0,0,10779,0.635258
3,Lokibot,2,ladder + synthetic neg,6,0.616058,0.00946284,102,10779,0.638298
3,Lokibot,2,ladder + real neg (v2),6,0.613139,0,0,10779,0.635258
3,Lokibot,2,"ladder + real neg, k=3",3,0.613139,0,0,10779,0.635258
3,Lokibot,2,shipped (packaged corpus),6,0.613139,0,0,10779,0.635258
3,Lokibot,2,yara-imphash,1,0,0,0,10779,0
3,Lokibot,2,yara-v2,1,0,0,0,10779,0
3,Lokibot,3,sigma-mvp,0,0,0,0,10779,0
3,Lokibot,3,sigma-mvp + real neg,0,0,0,0,10779,0
3,Lokibot,3,exact + real neg,7,0.613139,0,0,10779,0.635258
3,Lokibot,3,ladder + synthetic neg,7,0.613139,0,0,10779,0.635258
3,Lokibot,3,ladder + real neg (v2),7,0.613139,0,0,10779,0.635258
3,Lokibot,3,"ladder + real neg, k=3",3,0,0,0,10779,0
3,Lokibot,3,shipped (packaged corpus),7,0.613139,0,0,10779,0.635258
3,Lokibot,3,yara-imphash,1,0,0,0,10779,0
3,Lokibot,3,yara-v2,1,0,0,0,10779,0
3,Lokibot,4,sigma-mvp,0,0,0,0,10779,0
3,Lokibot,4,sigma-mvp + real neg,0,0,0,0,10779,0
3,Lokibot,4,exact + real neg,5,0.613139,0,0,10779,0.635258
3,Lokibot,4,ladder + synthetic neg,5,0.613139,0,0,10779,0.635258
3,Lokibot,4,ladder + real neg (v2),5,0.613139,0,0,10779,0.635258
3,Lokibot,4,"ladder + real neg, k=3",3,0.613139,0,0,10779,0.635258
3,Lokibot,4,shipped (packaged corpus),5,0.613139,0,0,10779,0.635258
3,Lokibot,4,yara-imphash,1,0,0,0,10779,0
3,Lokibot,4,yara-v2,1,0,0,0,10779,0
3,Lokibot,5,sigma-mvp,0,0,0,0,10779,0
3,Lokibot,5,sigma-mvp + real neg,0,0,0,0,10779,0
3,Lokibot,5,exact + real neg,1,0,0,0,10779,0
3,Lokibot,5,ladder + synthetic neg,1,0,0,0,10779,0
3,Lokibot,5,ladder + real neg (v2),1,0,0,0,10779,0
3,Lokibot,5,"ladder + real neg, k=3",1,0,0,0,10779,0
3,Lokibot,5,shipped (packaged corpus),1,0,0,0,10779,0
3,Lokibot,5,yara-imphash,1,0,0,0,10779,0
3,Lokibot,5,yara-v2,1,0,0,0,10779,0
3,Lokibot,6,sigma-mvp,0,0,0,0,10779,0
3,Lokibot,6,sigma-mvp + real neg,0,0,0,0,10779,0
3,Lokibot,6,exact + real neg,3,0,0,0,10779,0
3,Lokibot,6,ladder + synthetic neg,4,0.0642336,0.0207811,224,10779,0.0638298
3,Lokibot,6,ladder + real neg (v2),3,0,0.000278319,3,10779,0
3,Lokibot,6,"ladder + real neg, k=3",3,0,0.000278319,3,10779,0
3,Lokibot,6,shipped (packaged corpus),3,0,0,0,10779,0
3,Lokibot,6,yara-imphash,1,0,0.000834957,9,10779,0
3,Lokibot,6,yara-v2,0,0,0,0,10779,0
3,Lokibot,7,sigma-mvp,0,0,0,0,10779,0
3,Lokibot,7,sigma-mvp + real neg,0,0,0,0,10779,0
3,Lokibot,7,exact + real neg,5,0.613139,0,0,10779,0.635258
3,Lokibot,7,ladder + synthetic neg,5,0.613139,0,0,10779,0.635258
3,Lokibot,7,ladder + real neg (v2),5,0.613139,0,0,10779,0.635258
3,Lokibot,7,"ladder + real neg, k=3",3,0.613139,0,0,10779,0.635258
3,Lokibot,7,shipped (packaged corpus),5,0.613139,0,0,10779,0.635258
3,Lokibot,7,yara-imphash,1,0,0,0,10779,0
3,Lokibot,7,yara-v2,1,0.00145985,0,0,10779,0.00151976
3,Lokibot,8,sigma-mvp,0,0,0,0,10779,0
3,Lokibot,8,sigma-mvp + real neg,0,0,0,0,10779,0
3,Lokibot,8,exact + real neg,8,0.613139,0,0,10779,0.635258
3,Lokibot,8,ladder + synthetic neg,8,0.630657,0.000185546,2,10779,0.653495
3,Lokibot,8,ladder + real neg (v2),8,0.629197,0,0,10779,0.651976
3,Lokibot,8,"ladder + real neg, k=3",3,0.0321168,0,0,10779,0.0334347
3,Lokibot,8,shipped (packaged corpus),8,0.629197,0,0,10779,0.651976
3,Lokibot,8,yara-imphash,1,0,0,0,10779,0
3,Lokibot,8,yara-v2,1,0,0,0,10779,0
3,Lokibot,9,sigma-mvp,0,0,0,0,10779,0
3,Lokibot,9,sigma-mvp + real neg,0,0,0,0,10779,0
3,Lokibot,9,exact + real neg,1,0,0,0,10779,0
3,Lokibot,9,ladder + synthetic neg,1,0,0,0,10779,0
3,Lokibot,9,ladder + real neg (v2),1,0,0,0,10779,0
3,Lokibot,9,"ladder + real neg, k=3",1,0,0,0,10779,0
3,Lokibot,9,shipped (packaged corpus),1,0,0,0,10779,0
3,Lokibot,9,yara-imphash,1,0,0,0,10779,0
3,Lokibot,9,yara-v2,1,0,0,0,10779,0
3,Lokibot,0,"v2, 5 runs pooled",5.6,0.613139,0,0,10779,0.635258
3,Qakbot,0,sigma-mvp,3,0.989822,0.0456147,505,11071,0.989822
3,Qakbot,0,sigma-mvp + real neg,0,0,0,0,11071,0
3,Qakbot,0,exact + real neg,10,0.19084,9.03261e-05,1,11071,0.19084
3,Qakbot,0,ladder + synthetic neg,10,0.992366,0.405022,4484,11071,0.992366
3,Qakbot,0,ladder + real neg (v2),10,0.941476,0.000180652,2,11071,0.941476
3,Qakbot,0,"ladder + real neg, k=3",3,0.0305344,0,0,11071,0.0305344
3,Qakbot,0,shipped (packaged corpus),10,0.628499,9.03261e-05,1,11071,0.628499
3,Qakbot,0,yara-imphash,1,0.00763359,0,0,11071,0.00763359
3,Qakbot,0,yara-v2,1,0.00763359,0,0,11071,0.00763359
3,Qakbot,1,sigma-mvp,1,0.984733,0.00641315,71,11071,0.984733
3,Qakbot,1,sigma-mvp + real neg,0,0,0,0,11071,0
3,Qakbot,1,exact + real neg,8,0.992366,0,0,11071,0.992366
3,Qakbot,1,ladder + synthetic neg,8,0.992366,0.0173426,192,11071,0.992366
3,Qakbot,1,ladder + real neg (v2),8,0.992366,9.03261e-05,1,11071,0.992366
3,Qakbot,1,"ladder + real neg, k=3",3,0.979644,0,0,11071,0.979644
3,Qakbot,1,shipped (packaged corpus),8,0.992366,0,0,11071,0.992366
3,Qakbot,1,yara-imphash,1,0,0,0,11071,0
3,Qakbot,1,yara-v2,1,0,0,0,11071,0
3,Qakbot,2,sigma-mvp,3,0.989822,0.0456147,505,11071,0.989822
3,Qakbot,2,sigma-mvp + real neg,0,0,0,0,11071,0
3,Qakbot,2,exact + real neg,10,0.982188,9.03261e-05,1,11071,0.982188
3,Qakbot,2,ladder + synthetic neg,10,0.992366,0.405022,4484,11071,0.992366
3,Qakbot,2,ladder + real neg (v2),10,0.992366,0.000180652,2,11071,0.992366
3,Qakbot,2,"ladder + real neg, k=3",3,0.984733,0,0,11071,0.984733
3,Qakbot,2,shipped (packaged corpus),10,0.984733,9.03261e-05,1,11071,0.984733
3,Qakbot,2,yara-imphash,1,0,0,0,11071,0
3,Qakbot,2,yara-v2,1,0,0,0,11071,0
3,Qakbot,3,sigma-mvp,3,0.989822,0.0456147,505,11071,0.989822
3,Qakbot,3,sigma-mvp + real neg,0,0,0,0,11071,0
3,Qakbot,3,exact + real neg,10,0.982188,9.03261e-05,1,11071,0.982188
3,Qakbot,3,ladder + synthetic neg,10,0.992366,0.405022,4484,11071,0.992366
3,Qakbot,3,ladder + real neg (v2),10,0.992366,0.000180652,2,11071,0.992366
3,Qakbot,3,"ladder + real neg, k=3",3,0.984733,0,0,11071,0.984733
3,Qakbot,3,shipped (packaged corpus),10,0.984733,9.03261e-05,1,11071,0.984733
3,Qakbot,3,yara-imphash,1,0,0,0,11071,0
3,Qakbot,3,yara-v2,1,0,0,0,11071,0
3,Qakbot,4,sigma-mvp,1,0.984733,0.00641315,71,11071,0.984733
3,Qakbot,4,sigma-mvp + real neg,0,0,0,0,11071,0
3,Qakbot,4,exact + real neg,8,0.992366,0,0,11071,0.992366
3,Qakbot,4,ladder + synthetic neg,8,0.992366,0.0173426,192,11071,0.992366
3,Qakbot,4,ladder + real neg (v2),8,0.992366,9.03261e-05,1,11071,0.992366
3,Qakbot,4,"ladder + real neg, k=3",3,0.979644,0,0,11071,0.979644
3,Qakbot,4,shipped (packaged corpus),8,0.992366,0,0,11071,0.992366
3,Qakbot,4,yara-imphash,1,0,0,0,11071,0
3,Qakbot,4,yara-v2,1,0,0,0,11071,0
3,Qakbot,5,sigma-mvp,3,0.989822,0.0456147,505,11071,0.989822
3,Qakbot,5,sigma-mvp + real neg,0,0,0,0,11071,0
3,Qakbot,5,exact + real neg,10,0.992366,0,0,11071,0.992366
3,Qakbot,5,ladder + synthetic neg,10,0.994911,0.4267,4724,11071,0.994911
3,Qakbot,5,ladder + real neg (v2),10,0.992366,9.03261e-05,1,11071,0.992366
3,Qakbot,5,"ladder + real neg, k=3",3,0.984733,0,0,11071,0.984733
3,Qakbot,5,shipped (packaged corpus),10,0.984733,0,0,11071,0.984733
3,Qakbot,5,yara-imphash,1,0,0,0,11071,0
3,Qakbot,5,yara-v2,1,0,0,0,11071,0
3,Qakbot,6,sigma-mvp,3,0.989822,0.0456147,505,11071,0.989822
3,Qakbot,6,sigma-mvp + real neg,0,0,0,0,11071,0
3,Qakbot,6,exact + real neg,10,0.982188,9.03261e-05,1,11071,0.982188
3,Qakbot,6,ladder + synthetic neg,10,0.992366,0.405022,4484,11071,0.992366
3,Qakbot,6,ladder + real neg (v2),10,0.992366,0.000180652,2,11071,0.992366
3,Qakbot,6,"ladder + real neg, k=3",3,0.984733,0,0,11071,0.984733
3,Qakbot,6,shipped (packaged corpus),10,0.984733,9.03261e-05,1,11071,0.984733
3,Qakbot,6,yara-imphash,1,0,0,0,11071,0
3,Qakbot,6,yara-v2,1,0,0,0,11071,0
3,Qakbot,7,sigma-mvp,1,0.984733,0.00641315,71,11071,0.984733
3,Qakbot,7,sigma-mvp + real neg,0,0,0,0,11071,0
3,Qakbot,7,exact + real neg,9,0.992366,0,0,11071,0.992366
3,Qakbot,7,ladder + synthetic neg,10,0.992366,0.387228,4287,11071,0.992366
3,Qakbot,7,ladder + real neg (v2),9,0.992366,9.03261e-05,1,11071,0.992366
3,Qakbot,7,"ladder + real neg, k=3",3,0.979644,0,0,11071,0.979644
3,Qakbot,7,shipped (packaged corpus),9,0.992366,0,0,11071,0.992366
3,Qakbot,7,yara-imphash,1,0,0,0,11071,0
3,Qakbot,7,yara-v2,1,0,0,0,11071,0
3,Qakbot,8,sigma-mvp,1,0.984733,0.00641315,71,11071,0.984733
3,Qakbot,8,sigma-mvp + real neg,0,0,0,0,11071,0
3,Qakbot,8,exact + real neg,8,0.992366,0,0,11071,0.992366
3,Qakbot,8,ladder + synthetic neg,8,0.992366,0.0173426,192,11071,0.992366
3,Qakbot,8,ladder + real neg (v2),8,0.992366,9.03261e-05,1,11071,0.992366
3,Qakbot,8,"ladder + real neg, k=3",3,0.979644,0,0,11071,0.979644
3,Qakbot,8,shipped (packaged corpus),8,0.992366,0,0,11071,0.992366
3,Qakbot,8,yara-imphash,1,0,0,0,11071,0
3,Qakbot,8,yara-v2,1,0,0,0,11071,0
3,Qakbot,9,sigma-mvp,3,0.989822,0.0456147,505,11071,0.989822
3,Qakbot,9,sigma-mvp + real neg,0,0,0,0,11071,0
3,Qakbot,9,exact + real neg,10,0.984733,0,0,11071,0.984733
3,Qakbot,9,ladder + synthetic neg,10,0.992366,0.452443,5009,11071,0.992366
3,Qakbot,9,ladder + real neg (v2),10,0.928753,9.03261e-05,1,11071,0.928753
3,Qakbot,9,"ladder + real neg, k=3",3,0.0305344,0,0,11071,0.0305344
3,Qakbot,9,shipped (packaged corpus),10,0.628499,0,0,11071,0.628499
3,Qakbot,9,yara-imphash,1,0,0,0,11071,0
3,Qakbot,9,yara-v2,1,0,0,0,11071,0
3,Qakbot,0,"v2, 5 runs pooled",9.2,0.992366,0.000180652,2,11071,0.992366
3,Swisyn,0,sigma-mvp,0,0,0,0,7206,0
3,Swisyn,0,sigma-mvp + real neg,0,0,0,0,7206,0
3,Swisyn,0,exact + real neg,5,0.997651,0,0,7206,0.976923
3,Swisyn,0,ladder + synthetic neg,5,0.997651,0.0410769,296,7206,0.976923
3,Swisyn,0,ladder + real neg (v2),5,0.997651,0,0,7206,0.976923
3,Swisyn,0,"ladder + real neg, k=3",3,0.997417,0,0,7206,0.973077
3,Swisyn,0,shipped (packaged corpus),5,0.997651,0,0,7206,0.976923
3,Swisyn,0,yara-imphash,1,0.811884,0,0,7206,0.680769
3,Swisyn,0,yara-v2,1,0.989667,0,0,7206,0.95
3,Swisyn,1,sigma-mvp,0,0,0,0,7206,0
3,Swisyn,1,sigma-mvp + real neg,0,0,0,0,7206,0
3,Swisyn,1,exact + real neg,5,0.997651,0,0,7206,0.976923
3,Swisyn,1,ladder + synthetic neg,5,0.997651,0.0410769,296,7206,0.976923
3,Swisyn,1,ladder + real neg (v2),5,0.997651,0,0,7206,0.976923
3,Swisyn,1,"ladder + real neg, k=3",3,0.997417,0,0,7206,0.973077
3,Swisyn,1,shipped (packaged corpus),5,0.997651,0,0,7206,0.976923
3,Swisyn,1,yara-imphash,1,0.811884,0,0,7206,0.680769
3,Swisyn,1,yara-v2,1,0.989667,0,0,7206,0.95
3,Swisyn,2,sigma-mvp,0,0,0,0,7206,0
3,Swisyn,2,sigma-mvp + real neg,0,0,0,0,7206,0
3,Swisyn,2,exact + real neg,7,0.997417,0,0,7206,0.973077
3,Swisyn,2,ladder + synthetic neg,7,0.997417,0,0,7206,0.973077
3,Swisyn,2,ladder + real neg (v2),7,0.997417,0,0,7206,0.973077
3,Swisyn,2,"ladder + real neg, k=3",3,0.997417,0,0,7206,0.973077
3,Swisyn,2,shipped (packaged corpus),7,0.997417,0,0,7206,0.973077
3,Swisyn,2,yara-imphash,1,0.175904,0,0,7206,0.257692
3,Swisyn,2,yara-v2,1,0.175904,0,0,7206,0.257692
3,Swisyn,3,sigma-mvp,0,0,0,0,7206,0
3,Swisyn,3,sigma-mvp + real neg,0,0,0,0,7206,0
3,Swisyn,3,exact + real neg,7,0.997417,0,0,7206,0.973077
3,Swisyn,3,ladder + synthetic neg,7,0.997417,0,0,7206,0.973077
3,Swisyn,3,ladder + real neg (v2),7,0.997417,0,0,7206,0.973077
3,Swisyn,3,"ladder + real neg, k=3",3,0.997417,0,0,7206,0.973077
3,Swisyn,3,shipped (packaged corpus),7,0.997417,0,0,7206,0.973077
3,Swisyn,3,yara-imphash,1,0.175904,0,0,7206,0.257692
3,Swisyn,3,yara-v2,1,0.175904,0,0,7206,0.257692
3,Swisyn,4,sigma-mvp,0,0,0,0,7206,0
3,Swisyn,4,sigma-mvp + real neg,0,0,0,0,7206,0
3,Swisyn,4,exact + real neg,5,0.997651,0,0,7206,0.976923
3,Swisyn,4,ladder + synthetic neg,5,0.997651,0.0410769,296,7206,0.976923
3,Swisyn,4,ladder + real neg (v2),5,0.997651,0,0,7206,0.976923
3,Swisyn,4,"ladder + real neg, k=3",3,0.997417,0,0,7206,0.973077
3,Swisyn,4,shipped (packaged corpus),5,0.997651,0,0,7206,0.976923
3,Swisyn,4,yara-imphash,1,0.811884,0,0,7206,0.680769
3,Swisyn,4,yara-v2,1,0.989667,0,0,7206,0.95
3,Swisyn,5,sigma-mvp,0,0,0,0,7206,0
3,Swisyn,5,sigma-mvp + real neg,0,0,0,0,7206,0
3,Swisyn,5,exact + real neg,5,0.997651,0,0,7206,0.976923
3,Swisyn,5,ladder + synthetic neg,5,0.997651,0.0410769,296,7206,0.976923
3,Swisyn,5,ladder + real neg (v2),5,0.997651,0,0,7206,0.976923
3,Swisyn,5,"ladder + real neg, k=3",3,0.997417,0,0,7206,0.973077
3,Swisyn,5,shipped (packaged corpus),5,0.997651,0,0,7206,0.976923
3,Swisyn,5,yara-imphash,1,0.811884,0,0,7206,0.680769
3,Swisyn,5,yara-v2,1,0.989667,0,0,7206,0.95
3,Swisyn,6,sigma-mvp,0,0,0,0,7206,0
3,Swisyn,6,sigma-mvp + real neg,0,0,0,0,7206,0
3,Swisyn,6,exact + real neg,5,0.997417,0,0,7206,0.973077
3,Swisyn,6,ladder + synthetic neg,5,0.997417,0,0,7206,0.973077
3,Swisyn,6,ladder + real neg (v2),5,0.997417,0,0,7206,0.973077
3,Swisyn,6,"ladder + real neg, k=3",3,0.997417,0,0,7206,0.973077
3,Swisyn,6,shipped (packaged corpus),5,0.997417,0,0,7206,0.973077
3,Swisyn,6,yara-imphash,1,0.175904,0,0,7206,0.257692
3,Swisyn,6,yara-v2,1,0.175904,0,0,7206,0.257692
3,Swisyn,7,sigma-mvp,0,0,0,0,7206,0
3,Swisyn,7,sigma-mvp + real neg,0,0,0,0,7206,0
3,Swisyn,7,exact + real neg,5,0.997651,0,0,7206,0.976923
3,Swisyn,7,ladder + synthetic neg,5,0.997651,0.0410769,296,7206,0.976923
3,Swisyn,7,ladder + real neg (v2),5,0.997651,0,0,7206,0.976923
3,Swisyn,7,"ladder + real neg, k=3",3,0.997417,0,0,7206,0.973077
3,Swisyn,7,shipped (packaged corpus),5,0.997651,0,0,7206,0.976923
3,Swisyn,7,yara-imphash,1,0.811884,0,0,7206,0.680769
3,Swisyn,7,yara-v2,1,0.989667,0,0,7206,0.95
3,Swisyn,8,sigma-mvp,0,0,0,0,7206,0
3,Swisyn,8,sigma-mvp + real neg,0,0,0,0,7206,0
3,Swisyn,8,exact + real neg,10,0.997651,0,0,7206,0.976923
3,Swisyn,8,ladder + synthetic neg,10,0.998356,0.743547,5358,7206,0.988462
3,Swisyn,8,ladder + real neg (v2),10,0.997886,0,0,7206,0.980769
3,Swisyn,8,"ladder + real neg, k=3",3,0.965007,0,0,7206,0.723077
3,Swisyn,8,shipped (packaged corpus),10,0.997886,0,0,7206,0.980769
3,Swisyn,8,yara-imphash,1,0.811884,0,0,7206,0.680769
3,Swisyn,8,yara-v2,1,0.989667,0,0,7206,0.95
3,Swisyn,9,sigma-mvp,0,0,0,0,7206,0
3,Swisyn,9,sigma-mvp + real neg,0,0,0,0,7206,0
3,Swisyn,9,exact + real neg,8,0.997417,0,0,7206,0.973077
3,Swisyn,9,ladder + synthetic neg,8,0.997417,0,0,7206,0.973077
3,Swisyn,9,ladder + real neg (v2),8,0.997417,0,0,7206,0.973077
3,Swisyn,9,"ladder + real neg, k=3",3,0.997417,0,0,7206,0.973077
3,Swisyn,9,shipped (packaged corpus),8,0.997417,0,0,7206,0.973077
3,Swisyn,9,yara-imphash,1,0.000234852,0,0,7206,0.00384615
3,Swisyn,9,yara-v2,1,0.000234852,0,0,7206,0.00384615
3,Swisyn,0,"v2, 5 runs pooled",5.8,0.997651,0,0,7206,0.976923
3,Trickbot,0,sigma-mvp,1,0.00823353,0.0441351,447,10128,0.0106496
3,Trickbot,0,sigma-mvp + real neg,0,0,0,0,10128,0
3,Trickbot,0,exact + real neg,10,0.00823353,0,0,10128,0.0106496
3,Trickbot,0,ladder + synthetic neg,10,0.0142216,0.053515,542,10128,0.0191693
3,Trickbot,0,ladder + real neg (v2),10,0.00823353,0,0,10128,0.0106496
3,Trickbot,0,"ladder + real neg, k=3",3,0.00823353,0,0,10128,0.0106496
3,Trickbot,0,shipped (packaged corpus),10,0.00823353,0,0,10128,0.0106496
3,Trickbot,0,yara-imphash,1,0,0,0,10128,0
3,Trickbot,0,yara-v2,1,0,0,0,10128,0
3,Trickbot,1,sigma-mvp,1,0.00823353,0.0441351,447,10128,0.0106496
3,Trickbot,1,sigma-mvp + real neg,0,0,0,0,10128,0
3,Trickbot,1,exact + real neg,10,0.00823353,9.87362e-05,1,10128,0.0106496
3,Trickbot,1,ladder + synthetic neg,10,0.00973054,0.092812,940,10128,0.0127796
3,Trickbot,1,ladder + real neg (v2),10,0.00823353,0.000296209,3,10128,0.0106496
3,Trickbot,1,"ladder + real neg, k=3",3,0.00299401,0.000296209,3,10128,0.00425985
3,Trickbot,1,shipped (packaged corpus),10,0.00823353,9.87362e-05,1,10128,0.0106496
3,Trickbot,1,yara-imphash,1,0,0,0,10128,0
3,Trickbot,1,yara-v2,1,0.00374251,0.00424566,43,10128,0.00532481
3,Trickbot,2,sigma-mvp,0,0,0,0,10128,0
3,Trickbot,2,sigma-mvp + real neg,0,0,0,0,10128,0
3,Trickbot,2,exact + real neg,9,0,0.000197472,2,10128,0
3,Trickbot,2,ladder + synthetic neg,10,0.47006,0.517575,5242,10128,0.666667
3,Trickbot,2,ladder + real neg (v2),9,0,0.000197472,2,10128,0
3,Trickbot,2,"ladder + real neg, k=3",3,0,0.000197472,2,10128,0
3,Trickbot,2,shipped (packaged corpus),8,0,0,0,10128,0
3,Trickbot,2,yara-imphash,1,0,0,0,10128,0
3,Trickbot,2,yara-v2,1,0,0,0,10128,0
3,Trickbot,3,sigma-mvp,1,0.00823353,0.0441351,447,10128,0.0106496
3,Trickbot,3,sigma-mvp + real neg,0,0,0,0,10128,0
3,Trickbot,3,exact + real neg,10,0.00823353,9.87362e-05,1,10128,0.0106496
3,Trickbot,3,ladder + synthetic neg,10,0.00973054,0.092812,940,10128,0.0127796
3,Trickbot,3,ladder + real neg (v2),10,0.00823353,9.87362e-05,1,10128,0.0106496
3,Trickbot,3,"ladder + real neg, k=3",3,0.00823353,9.87362e-05,1,10128,0.0106496
3,Trickbot,3,shipped (packaged corpus),10,0.00823353,9.87362e-05,1,10128,0.0106496
3,Trickbot,3,yara-imphash,1,0,0,0,10128,0
3,Trickbot,3,yara-v2,1,0,0,0,10128,0
3,Trickbot,4,sigma-mvp,1,0.00823353,0.0441351,447,10128,0.0106496
3,Trickbot,4,sigma-mvp + real neg,0,0,0,0,10128,0
3,Trickbot,4,exact + real neg,10,0.00823353,9.87362e-05,1,10128,0.0106496
3,Trickbot,4,ladder + synthetic neg,10,0.00973054,0.092812,940,10128,0.0127796
3,Trickbot,4,ladder + real neg (v2),10,0.00823353,0.000296209,3,10128,0.0106496
3,Trickbot,4,"ladder + real neg, k=3",3,0.00299401,0.000296209,3,10128,0.00425985
3,Trickbot,4,shipped (packaged corpus),10,0.00823353,9.87362e-05,1,10128,0.0106496
3,Trickbot,4,yara-imphash,1,0,0,0,10128,0
3,Trickbot,4,yara-v2,1,0,0,0,10128,0
3,Trickbot,5,sigma-mvp,0,0,0,0,10128,0
3,Trickbot,5,sigma-mvp + real neg,0,0,0,0,10128,0
3,Trickbot,5,exact + real neg,3,0,0,0,10128,0
3,Trickbot,5,ladder + synthetic neg,3,0,0,0,10128,0
3,Trickbot,5,ladder + real neg (v2),3,0,0,0,10128,0
3,Trickbot,5,"ladder + real neg, k=3",3,0,0,0,10128,0
3,Trickbot,5,shipped (packaged corpus),3,0,0,0,10128,0
3,Trickbot,5,yara-imphash,1,0,0,0,10128,0
3,Trickbot,5,yara-v2,1,0,0,0,10128,0
3,Trickbot,6,sigma-mvp,0,0,0,0,10128,0
3,Trickbot,6,sigma-mvp + real neg,0,0,0,0,10128,0
3,Trickbot,6,exact + real neg,0,0,0,0,10128,0
3,Trickbot,6,ladder + synthetic neg,0,0,0,0,10128,0
3,Trickbot,6,ladder + real neg (v2),0,0,0,0,10128,0
3,Trickbot,6,"ladder + real neg, k=3",0,0,0,0,10128,0
3,Trickbot,6,shipped (packaged corpus),0,0,0,0,10128,0
3,Trickbot,6,yara-imphash,1,0.000748503,0,0,10128,0
3,Trickbot,6,yara-v2,1,0.00149701,0,0,10128,0
3,Trickbot,7,sigma-mvp,1,0.00823353,0.0441351,447,10128,0.0106496
3,Trickbot,7,sigma-mvp + real neg,0,0,0,0,10128,0
3,Trickbot,7,exact + real neg,10,0.00823353,9.87362e-05,1,10128,0.0106496
3,Trickbot,7,ladder + synthetic neg,10,0.00898204,0.0442338,448,10128,0.0117146
3,Trickbot,7,ladder + real neg (v2),10,0.00823353,9.87362e-05,1,10128,0.0106496
3,Trickbot,7,"ladder + real neg, k=3",3,0.00823353,0,0,10128,0.0106496
3,Trickbot,7,shipped (packaged corpus),10,0.00823353,0,0,10128,0.0106496
3,Trickbot,7,yara-imphash,1,0,0,0,10128,0
3,Trickbot,7,yara-v2,1,0,0,0,10128,0
3,Trickbot,8,sigma-mvp,0,0,0,0,10128,0
3,Trickbot,8,sigma-mvp + real neg,0,0,0,0,10128,0
3,Trickbot,8,exact + real neg,3,0,0,0,10128,0
3,Trickbot,8,ladder + synthetic neg,4,0,0.000296209,3,10128,0
3,Trickbot,8,ladder + real neg (v2),3,0,0,0,10128,0
3,Trickbot,8,"ladder + real neg, k=3",3,0,0,0,10128,0
3,Trickbot,8,shipped (packaged corpus),3,0,0,0,10128,0
3,Trickbot,8,yara-imphash,1,0,0,0,10128,0
3,Trickbot,8,yara-v2,1,0,0,0,10128,0
3,Trickbot,9,sigma-mvp,0,0,0,0,10128,0
3,Trickbot,9,sigma-mvp + real neg,0,0,0,0,10128,0
3,Trickbot,9,exact + real neg,1,0,0,0,10128,0
3,Trickbot,9,ladder + synthetic neg,1,0,0,0,10128,0
3,Trickbot,9,ladder + real neg (v2),1,0,0,0,10128,0
3,Trickbot,9,"ladder + real neg, k=3",1,0,0,0,10128,0
3,Trickbot,9,shipped (packaged corpus),1,0,0,0,10128,0
3,Trickbot,9,yara-imphash,1,0,0,0,10128,0
3,Trickbot,9,yara-v2,1,0,0,0,10128,0
3,Trickbot,0,"v2, 5 runs pooled",9.8,0.00823353,0.000493681,5,10128,0.0106496
3,Ursnif,0,sigma-mvp,0,0,0,0,10962,0
3,Ursnif,0,sigma-mvp + real neg,0,0,0,0,10962,0
3,Ursnif,0,exact + real neg,4,0.00796813,0,0,10962,0.00798403
3,Ursnif,0,ladder + synthetic neg,5,0.0438247,0.0829228,909,10962,0.0439122
3,Ursnif,0,ladder + real neg (v2),4,0.0438247,0,0,10962,0.0439122
3,Ursnif,0,"ladder + real neg, k=3",3,0.0418327,0,0,10962,0.0419162
3,Ursnif,0,shipped (packaged corpus),4,0.0438247,0,0,10962,0.0439122
3,Ursnif,0,yara-imphash,1,0,0,0,10962,0
3,Ursnif,0,yara-v2,1,0,0,0,10962,0
3,Ursnif,1,sigma-mvp,2,0.00398406,0.07526,825,10962,0.00399202
3,Ursnif,1,sigma-mvp + real neg,0,0,0,0,10962,0
3,Ursnif,1,exact + real neg,7,0.00796813,0,0,10962,0.00798403
3,Ursnif,1,ladder + synthetic neg,8,0.00796813,0.0603904,662,10962,0.00798403
3,Ursnif,1,ladder + real neg (v2),7,0.00796813,0,0,10962,0.00798403
3,Ursnif,1,"ladder + real neg, k=3",3,0,0,0,10962,0
3,Ursnif,1,shipped (packaged corpus),7,0.00796813,0,0,10962,0.00798403
3,Ursnif,1,yara-imphash,1,0,0,0,10962,0
3,Ursnif,1,yara-v2,1,0,0,0,10962,0
3,Ursnif,2,sigma-mvp,1,0.00398406,0.0415982,456,10962,0.00399202
3,Ursnif,2,sigma-mvp + real neg,0,0,0,0,10962,0
3,Ursnif,2,exact + real neg,6,0,0,0,10962,0
3,Ursnif,2,ladder + synthetic neg,6,0.00796813,0.051268,562,10962,0.00798403
3,Ursnif,2,ladder + real neg (v2),6,0,0,0,10962,0
3,Ursnif,2,"ladder + real neg, k=3",3,0,0,0,10962,0
3,Ursnif,2,shipped (packaged corpus),6,0,0,0,10962,0
3,Ursnif,2,yara-imphash,1,0,0,0,10962,0
3,Ursnif,2,yara-v2,1,0,0,0,10962,0
3,Ursnif,3,sigma-mvp,2,0.00398406,0.07526,825,10962,0.00399202
3,Ursnif,3,sigma-mvp + real neg,0,0,0,0,10962,0
3,Ursnif,3,exact + real neg,8,0.00796813,0,0,10962,0.00798403
3,Ursnif,3,ladder + synthetic neg,9,0.00796813,0.0603904,662,10962,0.00798403
3,Ursnif,3,ladder + real neg (v2),8,0.00796813,0,0,10962,0.00798403
3,Ursnif,3,"ladder + real neg, k=3",3,0.0059761,0,0,10962,0.00598802
3,Ursnif,3,shipped (packaged corpus),8,0.00796813,0,0,10962,0.00798403
3,Ursnif,3,yara-imphash,1,0,0,0,10962,0
3,Ursnif,3,yara-v2,1,0.195219,0.000456121,5,10962,0.195609
3,Ursnif,4,sigma-mvp,0,0,0,0,10962,0
3,Ursnif,4,sigma-mvp + real neg,0,0,0,0,10962,0
3,Ursnif,4,exact + real neg,10,0.0059761,0,0,10962,0.00598802
3,Ursnif,4,ladder + synthetic neg,10,0.0418327,0.0455209,499,10962,0.0419162
3,Ursnif,4,ladder + real neg (v2),10,0.0418327,0,0,10962,0.0419162
3,Ursnif,4,"ladder + real neg, k=3",3,0.0418327,0,0,10962,0.0419162
3,Ursnif,4,shipped (packaged corpus),10,0.0418327,0,0,10962,0.0419162
3,Ursnif,4,yara-imphash,1,0,0,0,10962,0
3,Ursnif,4,yara-v2,1,0,0,0,10962,0
3,Ursnif,5,sigma-mvp,0,0,0,0,10962,0
3,Ursnif,5,sigma-mvp + real neg,0,0,0,0,10962,0
3,Ursnif,5,exact + real neg,4,0.00796813,0,0,10962,0.00798403
3,Ursnif,5,ladder + synthetic neg,4,0.0438247,0.0455209,499,10962,0.0439122
3,Ursnif,5,ladder + real neg (v2),4,0.0438247,0,0,10962,0.0439122
3,Ursnif,5,"ladder + real neg, k=3",3,0.0418327,0,0,10962,0.0419162
3,Ursnif,5,shipped (packaged corpus),4,0.0438247,0,0,10962,0.0439122
3,Ursnif,5,yara-imphash,1,0,0,0,10962,0
3,Ursnif,5,yara-v2,1,0,0,0,10962,0
3,Ursnif,6,sigma-mvp,0,0,0,0,10962,0
3,Ursnif,6,sigma-mvp + real neg,0,0,0,0,10962,0
3,Ursnif,6,exact + real neg,4,0.00796813,0,0,10962,0.00798403
3,Ursnif,6,ladder + synthetic neg,4,0.0438247,0.0455209,499,10962,0.0439122
3,Ursnif,6,ladder + real neg (v2),4,0.0438247,0,0,10962,0.0439122
3,Ursnif,6,"ladder + real neg, k=3",3,0.0398406,0,0,10962,0.0399202
3,Ursnif,6,shipped (packaged corpus),4,0.0438247,0,0,10962,0.0439122
3,Ursnif,6,yara-imphash,1,0,0,0,10962,0
3,Ursnif,6,yara-v2,1,0,0,0,10962,0
3,Ursnif,7,sigma-mvp,0,0,0,0,10962,0
3,Ursnif,7,sigma-mvp + real neg,0,0,0,0,10962,0
3,Ursnif,7,exact + real neg,4,0.00796813,0,0,10962,0.00798403
3,Ursnif,7,ladder + synthetic neg,4,0.0438247,0.0455209,499,10962,0.0439122
3,Ursnif,7,ladder + real neg (v2),4,0.0438247,0,0,10962,0.0439122
3,Ursnif,7,"ladder + real neg, k=3",3,0.0398406,0,0,10962,0.0399202
3,Ursnif,7,shipped (packaged corpus),4,0.0438247,0,0,10962,0.0439122
3,Ursnif,7,yara-imphash,1,0,0,0,10962,0
3,Ursnif,7,yara-v2,1,0,0,0,10962,0
3,Ursnif,8,sigma-mvp,2,0.00398406,0.07526,825,10962,0.00399202
3,Ursnif,8,sigma-mvp + real neg,0,0,0,0,10962,0
3,Ursnif,8,exact + real neg,10,0.00796813,0,0,10962,0.00798403
3,Ursnif,8,ladder + synthetic neg,10,0.00796813,0.250046,2741,10962,0.00798403
3,Ursnif,8,ladder + real neg (v2),10,0.00796813,0,0,10962,0.00798403
3,Ursnif,8,"ladder + real neg, k=3",3,0.00796813,0,0,10962,0.00798403
3,Ursnif,8,shipped (packaged corpus),9,0.00796813,0,0,10962,0.00798403
3,Ursnif,8,yara-imphash,1,0,0,0,10962,0
3,Ursnif,8,yara-v2,1,0,0,0,10962,0
3,Ursnif,9,sigma-mvp,0,0,0,0,10962,0
3,Ursnif,9,sigma-mvp + real neg,0,0,0,0,10962,0
3,Ursnif,9,exact + real neg,7,0.00796813,0,0,10962,0.00798403
3,Ursnif,9,ladder + synthetic neg,7,0.0438247,0.0455209,499,10962,0.0439122
3,Ursnif,9,ladder + real neg (v2),7,0.0438247,0,0,10962,0.0439122
3,Ursnif,9,"ladder + real neg, k=3",3,0.0059761,0,0,10962,0.00598802
3,Ursnif,9,shipped (packaged corpus),7,0.0438247,0,0,10962,0.0439122
3,Ursnif,9,yara-imphash,1,0,0,0,10962,0
3,Ursnif,9,yara-v2,1,0,0,0,10962,0
3,Ursnif,0,"v2, 5 runs pooled",7,0.0438247,0,0,10962,0.0439122
3,Zeus,0,sigma-mvp,1,0.194444,0.0379859,430,11320,0.482759
3,Zeus,0,sigma-mvp + real neg,0,0,0,0,11320,0
3,Zeus,0,exact + real neg,10,0.0138889,0,0,11320,0.0344828
3,Zeus,0,ladder + synthetic neg,10,0.201389,0.0469965,532,11320,0.5
3,Zeus,0,ladder + real neg (v2),10,0.0138889,0,0,11320,0.0344828
3,Zeus,0,"ladder + real neg, k=3",3,0,0,0,11320,0
3,Zeus,0,shipped (packaged corpus),10,0.0138889,0,0,11320,0.0344828
3,Zeus,0,yara-imphash,1,0,0,0,11320,0
3,Zeus,0,yara-v2,1,0,0,0,11320,0
3,Zeus,1,sigma-mvp,1,0.194444,0.0379859,430,11320,0.482759
3,Zeus,1,sigma-mvp + real neg,0,0,0,0,11320,0
3,Zeus,1,exact + real neg,10,0,0,0,11320,0
3,Zeus,1,ladder + synthetic neg,10,0.201389,0.0469965,532,11320,0.5
3,Zeus,1,ladder + real neg (v2),10,0.0138889,0,0,11320,0.0344828
3,Zeus,1,"ladder + real neg, k=3",3,0,0,0,11320,0
3,Zeus,1,shipped (packaged corpus),10,0.0138889,0,0,11320,0.0344828
3,Zeus,1,yara-imphash,1,0,0,0,11320,0
3,Zeus,1,yara-v2,1,0,0,0,11320,0
3,Zeus,2,sigma-mvp,1,0.194444,0.0379859,430,11320,0.482759
3,Zeus,2,sigma-mvp + real neg,0,0,0,0,11320,0
3,Zeus,2,exact + real neg,9,0.0138889,0,0,11320,0.0344828
3,Zeus,2,ladder + synthetic neg,10,0.201389,0.0469965,532,11320,0.5
3,Zeus,2,ladder + real neg (v2),9,0.0138889,0,0,11320,0.0344828
3,Zeus,2,"ladder + real neg, k=3",3,0,0,0,11320,0
3,Zeus,2,shipped (packaged corpus),9,0.0138889,0,0,11320,0.0344828
3,Zeus,2,yara-imphash,1,0,0,0,11320,0
3,Zeus,2,yara-v2,1,0,0,0,11320,0
3,Zeus,3,sigma-mvp,2,0.520833,0.0664311,752,11320,0.568966
3,Zeus,3,sigma-mvp + real neg,0,0,0,0,11320,0
3,Zeus,3,exact + real neg,10,0,0,0,11320,0
3,Zeus,3,ladder + synthetic neg,10,0.201389,0.0469965,532,11320,0.5
3,Zeus,3,ladder + real neg (v2),10,0.0138889,0,0,11320,0.0344828
3,Zeus,3,"ladder + real neg, k=3",3,0,0,0,11320,0
3,Zeus,3,shipped (packaged corpus),10,0.0138889,0,0,11320,0.0344828
3,Zeus,3,yara-imphash,1,0,0,0,11320,0
3,Zeus,3,yara-v2,1,0,0,0,11320,0
3,Zeus,4,sigma-mvp,1,0.194444,0.0379859,430,11320,0.482759
3,Zeus,4,sigma-mvp + real neg,0,0,0,0,11320,0
3,Zeus,4,exact + real neg,10,0.0138889,0,0,11320,0.0344828
3,Zeus,4,ladder + synthetic neg,10,0.201389,0.0469965,532,11320,0.5
3,Zeus,4,ladder + real neg (v2),10,0.0138889,0,0,11320,0.0344828
3,Zeus,4,"ladder + real neg, k=3",3,0,0,0,11320,0
3,Zeus,4,shipped (packaged corpus),10,0.0138889,0,0,11320,0.0344828
3,Zeus,4,yara-imphash,1,0,0,0,11320,0
3,Zeus,4,yara-v2,1,0,0,0,11320,0
3,Zeus,5,sigma-mvp,1,0.194444,0.0379859,430,11320,0.482759
3,Zeus,5,sigma-mvp + real neg,0,0,0,0,11320,0
3,Zeus,5,exact + real neg,10,0.0138889,0,0,11320,0.0344828
3,Zeus,5,ladder + synthetic neg,10,0.201389,0.0469965,532,11320,0.5
3,Zeus,5,ladder + real neg (v2),10,0.0138889,0,0,11320,0.0344828
3,Zeus,5,"ladder + real neg, k=3",3,0,0,0,11320,0
3,Zeus,5,shipped (packaged corpus),10,0.0138889,0,0,11320,0.0344828
3,Zeus,5,yara-imphash,1,0,0,0,11320,0
3,Zeus,5,yara-v2,1,0,0,0,11320,0
3,Zeus,6,sigma-mvp,1,0.472222,0.0513251,581,11320,0.448276
3,Zeus,6,sigma-mvp + real neg,0,0,0,0,11320,0
3,Zeus,6,exact + real neg,8,0.0208333,8.83392e-05,1,11320,0.0517241
3,Zeus,6,ladder + synthetic neg,10,0.152778,0.158746,1797,11320,0.37931
3,Zeus,6,ladder + real neg (v2),8,0.0208333,8.83392e-05,1,11320,0.0517241
3,Zeus,6,"ladder + real neg, k=3",3,0,0,0,11320,0
3,Zeus,6,shipped (packaged corpus),8,0.0208333,8.83392e-05,1,11320,0.0517241
3,Zeus,6,yara-imphash,1,0,0,0,11320,0
3,Zeus,6,yara-v2,1,0,0,0,11320,0
3,Zeus,7,sigma-mvp,1,0.194444,0.0379859,430,11320,0.482759
3,Zeus,7,sigma-mvp + real neg,0,0,0,0,11320,0
3,Zeus,7,exact + real neg,10,0,0,0,11320,0
3,Zeus,7,ladder + synthetic neg,10,0.194444,0.0380742,431,11320,0.482759
3,Zeus,7,ladder + real neg (v2),10,0.0138889,0,0,11320,0.0344828
3,Zeus,7,"ladder + real neg, k=3",3,0,0,0,11320,0
3,Zeus,7,shipped (packaged corpus),10,0.0138889,0,0,11320,0.0344828
3,Zeus,7,yara-imphash,1,0,0,0,11320,0
3,Zeus,7,yara-v2,1,0,0,0,11320,0
3,Zeus,8,sigma-mvp,1,0.194444,0.0379859,430,11320,0.482759
3,Zeus,8,sigma-mvp + real neg,0,0,0,0,11320,0
3,Zeus,8,exact + real neg,10,0.0138889,0,0,11320,0.0344828
3,Zeus,8,ladder + synthetic neg,10,0.201389,0.0469965,532,11320,0.5
3,Zeus,8,ladder + real neg (v2),10,0.0138889,0,0,11320,0.0344828
3,Zeus,8,"ladder + real neg, k=3",3,0,0,0,11320,0
3,Zeus,8,shipped (packaged corpus),10,0.0138889,0,0,11320,0.0344828
3,Zeus,8,yara-imphash,1,0,0,0,11320,0
3,Zeus,8,yara-v2,1,0,0,0,11320,0
3,Zeus,9,sigma-mvp,1,0.194444,0.0379859,430,11320,0.482759
3,Zeus,9,sigma-mvp + real neg,0,0,0,0,11320,0
3,Zeus,9,exact + real neg,2,0.0138889,0,0,11320,0.0344828
3,Zeus,9,ladder + synthetic neg,2,0.194444,0.0380742,431,11320,0.482759
3,Zeus,9,ladder + real neg (v2),2,0.0138889,0,0,11320,0.0344828
3,Zeus,9,"ladder + real neg, k=3",2,0.0138889,0,0,11320,0.0344828
3,Zeus,9,shipped (packaged corpus),2,0.0138889,0,0,11320,0.0344828
3,Zeus,9,yara-imphash,1,0,0,0,11320,0
3,Zeus,9,yara-v2,1,0,0,0,11320,0
3,Zeus,0,"v2, 5 runs pooled",9.8,0.0138889,0,0,11320,0.0344828
3,njRAT,0,sigma-mvp,0,0,0,0,10921,0
3,njRAT,0,sigma-mvp + real neg,0,0,0,0,10921,0
3,njRAT,0,exact + real neg,7,0.379374,0,0,10921,0.400818
3,njRAT,0,ladder + synthetic neg,8,0.399632,0.0019229,21,10921,0.423313
3,njRAT,0,ladder + real neg (v2),7,0.379374,0,0,10921,0.400818
3,njRAT,0,"ladder + real neg, k=3",3,0,0,0,10921,0
3,njRAT,0,shipped (packaged corpus),7,0.379374,0,0,10921,0.400818
3,njRAT,0,yara-imphash,1,0.384899,0.00787474,86,10921,0.376278
3,njRAT,0,yara-v2,0,0,0,0,10921,0
3,njRAT,1,sigma-mvp,0,0,0,0,10921,0
3,njRAT,1,sigma-mvp + real neg,0,0,0,0,10921,0
3,njRAT,1,exact + real neg,7,0.379374,0,0,10921,0.400818
3,njRAT,1,ladder + synthetic neg,8,0.412523,0.0021976,24,10921,0.437628
3,njRAT,1,ladder + real neg (v2),7,0.392265,0.0002747,3,10921,0.415133
3,njRAT,1,"ladder + real neg, k=3",3,0.0515654,0.0002747,3,10921,0.0490798
3,njRAT,1,shipped (packaged corpus),7,0.379374,0,0,10921,0.400818
3,njRAT,1,yara-imphash,1,0.384899,0.00787474,86,10921,0.376278
3,njRAT,1,yara-v2,0,0,0,0,10921,0
3,njRAT,2,sigma-mvp,2,0.12523,0.0223423,244,10921,0.100204
3,njRAT,2,sigma-mvp + real neg,1,0,0,0,10921,0
3,njRAT,2,exact + real neg,3,0,0,0,10921,0
3,njRAT,2,ladder + synthetic neg,7,0.366483,0.0286604,313,10921,0.323108
3,njRAT,2,ladder + real neg (v2),3,0,0,0,10921,0
3,njRAT,2,"ladder + real neg, k=3",3,0,0,0,10921,0
3,njRAT,2,shipped (packaged corpus),3,0.12523,0,0,10921,0.100204
3,njRAT,2,yara-imphash,1,0.384899,0.00787474,86,10921,0.376278
3,njRAT,2,yara-v2,0,0,0,0,10921,0
3,njRAT,3,sigma-mvp,1,0.372007,0.0409303,447,10921,0.408998
3,njRAT,3,sigma-mvp + real neg,0,0,0,0,10921,0
3,njRAT,3,exact + real neg,10,0.281768,9.15667e-05,1,10921,0.292434
3,njRAT,3,ladder + synthetic neg,10,0.769797,0.506913,5536,10921,0.791411
3,njRAT,3,ladder + real neg (v2),10,0.456722,0.0046699,51,10921,0.486708
3,njRAT,3,"ladder + real neg, k=3",3,0.141805,0.00448677,49,10921,0.157464
3,njRAT,3,shipped (packaged corpus),10,0.390424,0.000183133,2,10921,0.413088
3,njRAT,3,yara-imphash,1,0.101289,0.0021976,24,10921,0.110429
3,njRAT,3,yara-v2,1,0.123389,0.00723377,79,10921,0.134969
3,njRAT,4,sigma-mvp,1,0.372007,0.0409303,447,10921,0.408998
3,njRAT,4,sigma-mvp + real neg,0,0,0,0,10921,0
3,njRAT,4,exact + real neg,9,0.370166,9.15667e-05,1,10921,0.390593
3,njRAT,4,ladder + synthetic neg,10,0.767956,0.507005,5537,10921,0.789366
3,njRAT,4,ladder + real neg (v2),9,0.372007,9.15667e-05,1,10921,0.392638
3,njRAT,4,"ladder + real neg, k=3",3,0.0165746,0,0,10921,0.0184049
3,njRAT,4,shipped (packaged corpus),8,0.372007,0.000183133,2,10921,0.392638
3,njRAT,4,yara-imphash,1,0,0,0,10921,0
3,njRAT,4,yara-v2,1,0,0,0,10921,0
3,njRAT,5,sigma-mvp,0,0,0,0,10921,0
3,njRAT,5,sigma-mvp + real neg,0,0,0,0,10921,0
3,njRAT,5,exact + real neg,10,0,0,0,10921,0
3,njRAT,5,ladder + synthetic neg,10,0.167587,0.00155663,17,10921,0.184049
3,njRAT,5,ladder + real neg (v2),10,0,0,0,10921,0
3,njRAT,5,"ladder + real neg, k=3",3,0,0,0,10921,0
3,njRAT,5,shipped (packaged corpus),10,0,0,0,10921,0
3,njRAT,5,yara-imphash,1,0,0,0,10921,0
3,njRAT,5,yara-v2,1,0,0,0,10921,0
3,njRAT,6,sigma-mvp,0,0,0,0,10921,0
3,njRAT,6,sigma-mvp + real neg,0,0,0,0,10921,0
3,njRAT,6,exact + real neg,10,0.388582,9.15667e-05,1,10921,0.411043
3,njRAT,6,ladder + synthetic neg,10,0.449355,0.030858,337,10921,0.478528
3,njRAT,6,ladder + real neg (v2),9,0.388582,0.000183133,2,10921,0.411043
3,njRAT,6,"ladder + real neg, k=3",3,0,0,0,10921,0
3,njRAT,6,shipped (packaged corpus),9,0.388582,0.000183133,2,10921,0.411043
3,njRAT,6,yara-imphash,1,0.384899,0.00787474,86,10921,0.376278
3,njRAT,6,yara-v2,0,0,0,0,10921,0
3,njRAT,7,sigma-mvp,0,0,0,0,10921,0
3,njRAT,7,sigma-mvp + real neg,0,0,0,0,10921,0
3,njRAT,7,exact + real neg,2,0,0,0,10921,0
3,njRAT,7,ladder + synthetic neg,3,0,0.000183133,2,10921,0
3,njRAT,7,ladder + real neg (v2),3,0,0,0,10921,0
3,njRAT,7,"ladder + real neg, k=3",3,0,0,0,10921,0
3,njRAT,7,shipped (packaged corpus),2,0,0.000183133,2,10921,0
3,njRAT,7,yara-imphash,1,0,0,0,10921,0
3,njRAT,7,yara-v2,1,0,0.013735,150,10921,0
3,njRAT,8,sigma-mvp,1,0.372007,0.0409303,447,10921,0.408998
3,njRAT,8,sigma-mvp + real neg,0,0,0,0,10921,0
3,njRAT,8,exact + real neg,5,0,0,0,10921,0
3,njRAT,8,ladder + synthetic neg,3,0.167587,0.00155663,17,10921,0.184049
3,njRAT,8,ladder + real neg (v2),5,0,0,0,10921,0
3,njRAT,8,"ladder + real neg, k=3",3,0,0,0,10921,0
3,njRAT,8,shipped (packaged corpus),4,0,0.000183133,2,10921,0
3,njRAT,8,yara-imphash,1,0,0,0,10921,0
3,njRAT,8,yara-v2,1,0,0,0,10921,0
3,njRAT,9,sigma-mvp,1,0.372007,0.0409303,447,10921,0.408998
3,njRAT,9,sigma-mvp + real neg,0,0,0,0,10921,0
3,njRAT,9,exact + real neg,10,0.294659,0.0016482,18,10921,0.306748
3,njRAT,9,ladder + synthetic neg,10,0.771639,0.506913,5536,10921,0.793456
3,njRAT,9,ladder + real neg (v2),10,0.373849,0.00613497,67,10921,0.394683
3,njRAT,9,"ladder + real neg, k=3",3,0.152855,0.00595184,65,10921,0.169734
3,njRAT,9,shipped (packaged corpus),10,0.388582,0.000183133,2,10921,0.411043
3,njRAT,9,yara-imphash,1,0.0165746,0,0,10921,0.0184049
3,njRAT,9,yara-v2,1,0.14733,0.00228917,25,10921,0.159509
3,njRAT,0,"v2, 5 runs pooled",7.2,0.460405,0.00503617,55,10921,0.490798
4,Adload,0,sigma-mvp,0,0,0,0,11459,0
4,Adload,0,sigma-mvp + real neg,0,0,0,0,11459,0
4,Adload,0,exact + real neg,1,0,0,0,11459,0
4,Adload,0,ladder + synthetic neg,1,0,0,0,11459,0
4,Adload,0,ladder + real neg (v2),1,0,0,0,11459,0
4,Adload,0,"ladder + real neg, k=3",1,0,0,0,11459,0
4,Adload,0,shipped (packaged corpus),1,0,0,0,11459,0
4,Adload,0,yara-imphash,1,0,0,0,11459,0
4,Adload,0,yara-v2,1,0,0,0,11459,0
4,Adload,1,sigma-mvp,0,0,0,0,11459,0
4,Adload,1,sigma-mvp + real neg,0,0,0,0,11459,0
4,Adload,1,exact + real neg,1,0,0,0,11459,0
4,Adload,1,ladder + synthetic neg,1,0,0,0,11459,0
4,Adload,1,ladder + real neg (v2),1,0,0,0,11459,0
4,Adload,1,"ladder + real neg, k=3",1,0,0,0,11459,0
4,Adload,1,shipped (packaged corpus),1,0,0,0,11459,0
4,Adload,1,yara-imphash,1,0,0,0,11459,0
4,Adload,1,yara-v2,1,0,0,0,11459,0
4,Adload,2,sigma-mvp,0,0,0,0,11459,0
4,Adload,2,sigma-mvp + real neg,0,0,0,0,11459,0
4,Adload,2,exact + real neg,2,0.2,0,0,11459,0
4,Adload,2,ladder + synthetic neg,2,0.2,0,0,11459,0
4,Adload,2,ladder + real neg (v2),2,0.2,0,0,11459,0
4,Adload,2,"ladder + real neg, k=3",2,0.2,0,0,11459,0
4,Adload,2,shipped (packaged corpus),2,0.2,0,0,11459,0
4,Adload,2,yara-imphash,1,0,0,0,11459,0
4,Adload,2,yara-v2,1,0,0,0,11459,0
4,Adload,3,sigma-mvp,0,0,0,0,11459,0
4,Adload,3,sigma-mvp + real neg,0,0,0,0,11459,0
4,Adload,3,exact + real neg,2,0.2,0,0,11459,0
4,Adload,3,ladder + synthetic neg,2,0.2,0,0,11459,0
4,Adload,3,ladder + real neg (v2),2,0.2,0,0,11459,0
4,Adload,3,"ladder + real neg, k=3",2,0.2,0,0,11459,0
4,Adload,3,shipped (packaged corpus),2,0.2,0,0,11459,0
4,Adload,3,yara-imphash,1,0,0,0,11459,0
4,Adload,3,yara-v2,1,0,0,0,11459,0
4,Adload,4,sigma-mvp,0,0,0,0,11459,0
4,Adload,4,sigma-mvp + real neg,0,0,0,0,11459,0
4,Adload,4,exact + real neg,1,0,0,0,11459,0
4,Adload,4,ladder + synthetic neg,1,0,0,0,11459,0
4,Adload,4,ladder + real neg (v2),1,0,0,0,11459,0
4,Adload,4,"ladder + real neg, k=3",1,0,0,0,11459,0
4,Adload,4,shipped (packaged corpus),1,0,0,0,11459,0
4,Adload,4,yara-imphash,1,0,0,0,11459,0
4,Adload,4,yara-v2,1,0,0,0,11459,0
4,Adload,5,sigma-mvp,0,0,0,0,11459,0
4,Adload,5,sigma-mvp + real neg,0,0,0,0,11459,0
4,Adload,5,exact + real neg,1,0,0,0,11459,0
4,Adload,5,ladder + synthetic neg,1,0,0,0,11459,0
4,Adload,5,ladder + real neg (v2),1,0,0,0,11459,0
4,Adload,5,"ladder + real neg, k=3",1,0,0,0,11459,0
4,Adload,5,shipped (packaged corpus),1,0,0,0,11459,0
4,Adload,5,yara-imphash,1,0,0,0,11459,0
4,Adload,5,yara-v2,1,0,0,0,11459,0
4,Adload,6,sigma-mvp,0,0,0,0,11459,0
4,Adload,6,sigma-mvp + real neg,0,0,0,0,11459,0
4,Adload,6,exact + real neg,1,0,0,0,11459,0
4,Adload,6,ladder + synthetic neg,1,0,0,0,11459,0
4,Adload,6,ladder + real neg (v2),1,0,0,0,11459,0
4,Adload,6,"ladder + real neg, k=3",1,0,0,0,11459,0
4,Adload,6,shipped (packaged corpus),1,0,0,0,11459,0
4,Adload,6,yara-imphash,1,0,0,0,11459,0
4,Adload,6,yara-v2,1,0,0,0,11459,0
4,Adload,7,sigma-mvp,0,0,0,0,11459,0
4,Adload,7,sigma-mvp + real neg,0,0,0,0,11459,0
4,Adload,7,exact + real neg,1,0,0,0,11459,0
4,Adload,7,ladder + synthetic neg,1,0,0,0,11459,0
4,Adload,7,ladder + real neg (v2),1,0,0,0,11459,0
4,Adload,7,"ladder + real neg, k=3",1,0,0,0,11459,0
4,Adload,7,shipped (packaged corpus),1,0,0,0,11459,0
4,Adload,7,yara-imphash,1,0,0,0,11459,0
4,Adload,7,yara-v2,1,0,0,0,11459,0
4,Adload,8,sigma-mvp,0,0,0,0,11459,0
4,Adload,8,sigma-mvp + real neg,0,0,0,0,11459,0
4,Adload,8,exact + real neg,1,0,0,0,11459,0
4,Adload,8,ladder + synthetic neg,1,0,0,0,11459,0
4,Adload,8,ladder + real neg (v2),1,0,0,0,11459,0
4,Adload,8,"ladder + real neg, k=3",1,0,0,0,11459,0
4,Adload,8,shipped (packaged corpus),1,0,0,0,11459,0
4,Adload,8,yara-imphash,1,0,0,0,11459,0
4,Adload,8,yara-v2,1,0,0,0,11459,0
4,Adload,9,sigma-mvp,0,0,0,0,11459,0
4,Adload,9,sigma-mvp + real neg,0,0,0,0,11459,0
4,Adload,9,exact + real neg,1,0,0,0,11459,0
4,Adload,9,ladder + synthetic neg,1,0,0,0,11459,0
4,Adload,9,ladder + real neg (v2),1,0,0,0,11459,0
4,Adload,9,"ladder + real neg, k=3",1,0,0,0,11459,0
4,Adload,9,shipped (packaged corpus),1,0,0,0,11459,0
4,Adload,9,yara-imphash,1,0,0,0,11459,0
4,Adload,9,yara-v2,1,0,0,0,11459,0
4,Adload,0,"v2, 5 runs pooled",1.4,0.2,0,0,11459,0
4,Emotet,0,sigma-mvp,0,0,0,0,7935,0
4,Emotet,0,sigma-mvp + real neg,0,0,0,0,7935,0
4,Emotet,0,exact + real neg,5,0,0,0,7935,0
4,Emotet,0,ladder + synthetic neg,10,0.217059,0.00378072,30,7935,0.22129
4,Emotet,0,ladder + real neg (v2),5,0,0,0,7935,0
4,Emotet,0,"ladder + real neg, k=3",3,0,0,0,7935,0
4,Emotet,0,shipped (packaged corpus),5,0,0,0,7935,0
4,Emotet,0,yara-imphash,1,0,0,0,7935,0
4,Emotet,0,yara-v2,1,0,0,0,7935,0
4,Emotet,1,sigma-mvp,0,0,0,0,7935,0
4,Emotet,1,sigma-mvp + real neg,0,0,0,0,7935,0
4,Emotet,1,exact + real neg,3,0,0,0,7935,0
4,Emotet,1,ladder + synthetic neg,7,0.43185,0.0374291,297,7935,0.440266
4,Emotet,1,ladder + real neg (v2),3,0.0017002,0,0,7935,0.00173561
4,Emotet,1,"ladder + real neg, k=3",3,0.0017002,0,0,7935,0.00173561
4,Emotet,1,shipped (packaged corpus),3,0.0017002,0.000252048,2,7935,0.00173561
4,Emotet,1,yara-imphash,1,0,0,0,7935,0
4,Emotet,1,yara-v2,1,0,0,0,7935,0
4,Emotet,2,sigma-mvp,0,0,0,0,7935,0
4,Emotet,2,sigma-mvp + real neg,0,0,0,0,7935,0
4,Emotet,2,exact + real neg,10,0.000283366,0,0,7935,0.000289268
4,Emotet,2,ladder + synthetic neg,5,0.0017002,0.00378072,30,7935,0.00173561
4,Emotet,2,ladder + real neg (v2),10,0.0017002,0,0,7935,0.00173561
4,Emotet,2,"ladder + real neg, k=3",3,0.0017002,0,0,7935,0.00173561
4,Emotet,2,shipped (packaged corpus),10,0.0017002,0.000252048,2,7935,0.00173561
4,Emotet,2,yara-imphash,0,0,0,0,7935,0
4,Emotet,2,yara-v2,0,0,0,0,7935,0
4,Emotet,3,sigma-mvp,0,0,0,0,7935,0
4,Emotet,3,sigma-mvp + real neg,0,0,0,0,7935,0
4,Emotet,3,exact + real neg,3,0,0,0,7935,0
4,Emotet,3,ladder + synthetic neg,10,0.218192,0.00403277,32,7935,0.222447
4,Emotet,3,ladder + real neg (v2),3,0.0017002,0,0,7935,0.00173561
4,Emotet,3,"ladder + real neg, k=3",3,0.0017002,0,0,7935,0.00173561
4,Emotet,3,shipped (packaged corpus),3,0.0017002,0.000252048,2,7935,0.00173561
4,Emotet,3,yara-imphash,1,0,0,0,7935,0
4,Emotet,3,yara-v2,1,0,0,0,7935,0
4,Emotet,4,sigma-mvp,0,0,0,0,7935,0
4,Emotet,4,sigma-mvp + real neg,0,0,0,0,7935,0
4,Emotet,4,exact + real neg,1,0,0,0,7935,0
4,Emotet,4,ladder + synthetic neg,1,0,0,0,7935,0
4,Emotet,4,ladder + real neg (v2),1,0,0,0,7935,0
4,Emotet,4,"ladder + real neg, k=3",1,0,0,0,7935,0
4,Emotet,4,shipped (packaged corpus),1,0,0,0,7935,0
4,Emotet,4,yara-imphash,1,0,0,0,7935,0
4,Emotet,4,yara-v2,1,0,0,0,7935,0
4,Emotet,5,sigma-mvp,0,0,0,0,7935,0
4,Emotet,5,sigma-mvp + real neg,0,0,0,0,7935,0
4,Emotet,5,exact + real neg,3,0,0,0,7935,0
4,Emotet,5,ladder + synthetic neg,10,0.218192,0.00403277,32,7935,0.222447
4,Emotet,5,ladder + real neg (v2),3,0.0017002,0,0,7935,0.00173561
4,Emotet,5,"ladder + real neg, k=3",3,0.0017002,0,0,7935,0.00173561
4,Emotet,5,shipped (packaged corpus),3,0.0017002,0.000252048,2,7935,0.00173561
4,Emotet,5,yara-imphash,1,0,0,0,7935,0
4,Emotet,5,yara-v2,1,0,0,0,7935,0
4,Emotet,6,sigma-mvp,0,0,0,0,7935,0
4,Emotet,6,sigma-mvp + real neg,0,0,0,0,7935,0
4,Emotet,6,exact + real neg,1,0,0,0,7935,0
4,Emotet,6,ladder + synthetic neg,1,0,0,0,7935,0
4,Emotet,6,ladder + real neg (v2),1,0,0,0,7935,0
4,Emotet,6,"ladder + real neg, k=3",1,0,0,0,7935,0
4,Emotet,6,shipped (packaged corpus),1,0,0,0,7935,0
4,Emotet,6,yara-imphash,0,0,0,0,7935,0
4,Emotet,6,yara-v2,0,0,0,0,7935,0
4,Emotet,7,sigma-mvp,0,0,0,0,7935,0
4,Emotet,7,sigma-mvp + real neg,0,0,0,0,7935,0
4,Emotet,7,exact + real neg,3,0,0,0,7935,0
4,Emotet,7,ladder + synthetic neg,10,0.217059,0.00378072,30,7935,0.22129
4,Emotet,7,ladder + real neg (v2),3,0,0,0,7935,0
4,Emotet,7,"ladder + real neg, k=3",3,0,0,0,7935,0
4,Emotet,7,shipped (packaged corpus),3,0,0,0,7935,0
4,Emotet,7,yara-imphash,1,0,0,0,7935,0
4,Emotet,7,yara-v2,1,0,0,0,7935,0
4,Emotet,8,sigma-mvp,0,0,0,0,7935,0
4,Emotet,8,sigma-mvp + real neg,0,0,0,0,7935,0
4,Emotet,8,exact + real neg,2,0,0,0,7935,0
4,Emotet,8,ladder + synthetic neg,5,0.109663,0.036673,291,7935,0.111947
4,Emotet,8,ladder + real neg (v2),2,0,0,0,7935,0
4,Emotet,8,"ladder + real neg, k=3",2,0,0,0,7935,0
4,Emotet,8,shipped (packaged corpus),2,0,0,0,7935,0
4,Emotet,8,yara-imphash,1,0,0,0,7935,0
4,Emotet,8,yara-v2,1,0,0,0,7935,0
4,Emotet,9,sigma-mvp,0,0,0,0,7935,0
4,Emotet,9,sigma-mvp + real neg,0,0,0,0,7935,0
4,Emotet,9,exact + real neg,3,0,0,0,7935,0
4,Emotet,9,ladder + synthetic neg,7,0.43185,0.0374291,297,7935,0.440266
4,Emotet,9,ladder + real neg (v2),3,0.0017002,0,0,7935,0.00173561
4,Emotet,9,"ladder + real neg, k=3",3,0.0017002,0,0,7935,0.00173561
4,Emotet,9,shipped (packaged corpus),3,0.0017002,0.000252048,2,7935,0.00173561
4,Emotet,9,yara-imphash,1,0,0,0,7935,0
4,Emotet,9,yara-v2,1,0,0,0,7935,0
4,Emotet,0,"v2, 5 runs pooled",4.4,0.0017002,0,0,7935,0.00173561
4,Lokibot,0,sigma-mvp,0,0,0,0,10779,0
4,Lokibot,0,sigma-mvp + real neg,0,0,0,0,10779,0
4,Lokibot,0,exact + real neg,5,0.613139,0,0,10779,0.635258
4,Lokibot,0,ladder + synthetic neg,5,0.613139,0,0,10779,0.635258
4,Lokibot,0,ladder + real neg (v2),5,0.613139,0,0,10779,0.635258
4,Lokibot,0,"ladder + real neg, k=3",3,0.613139,0,0,10779,0.635258
4,Lokibot,0,shipped (packaged corpus),5,0.613139,0,0,10779,0.635258
4,Lokibot,0,yara-imphash,1,0,0,0,10779,0
4,Lokibot,0,yara-v2,1,0,0,0,10779,0
4,Lokibot,1,sigma-mvp,0,0,0,0,10779,0
4,Lokibot,1,sigma-mvp + real neg,0,0,0,0,10779,0
4,Lokibot,1,exact + real neg,5,0.613139,0,0,10779,0.635258
4,Lokibot,1,ladder + synthetic neg,5,0.613139,0,0,10779,0.635258
4,Lokibot,1,ladder + real neg (v2),5,0.613139,0,0,10779,0.635258
4,Lokibot,1,"ladder + real neg, k=3",3,0.613139,0,0,10779,0.635258
4,Lokibot,1,shipped (packaged corpus),5,0.613139,0,0,10779,0.635258
4,Lokibot,1,yara-imphash,1,0,0,0,10779,0
4,Lokibot,1,yara-v2,1,0.0788321,0.000185546,2,10779,0.0729483
4,Lokibot,2,sigma-mvp,0,0,0,0,10779,0
4,Lokibot,2,sigma-mvp + real neg,0,0,0,0,10779,0
4,Lokibot,2,exact + real neg,1,0,0,0,10779,0
4,Lokibot,2,ladder + synthetic neg,1,0,0,0,10779,0
4,Lokibot,2,ladder + real neg (v2),1,0,0,0,10779,0
4,Lokibot,2,"ladder + real neg, k=3",1,0,0,0,10779,0
4,Lokibot,2,shipped (packaged corpus),1,0,0,0,10779,0
4,Lokibot,2,yara-imphash,1,0,0,0,10779,0
4,Lokibot,2,yara-v2,1,0,0,0,10779,0
4,Lokibot,3,sigma-mvp,1,0.124088,0.052324,564,10779,0.129179
4,Lokibot,3,sigma-mvp + real neg,0,0,0,0,10779,0
4,Lokibot,3,exact + real neg,7,0.613139,0,0,10779,0.635258
4,Lokibot,3,ladder + synthetic neg,7,0.613139,0,0,10779,0.635258
4,Lokibot,3,ladder + real neg (v2),7,0.613139,0,0,10779,0.635258
4,Lokibot,3,"ladder + real neg, k=3",3,0,0,0,10779,0
4,Lokibot,3,shipped (packaged corpus),7,0.613139,0,0,10779,0.635258
4,Lokibot,3,yara-imphash,1,0,0,0,10779,0
4,Lokibot,3,yara-v2,1,0,0,0,10779,0
4,Lokibot,4,sigma-mvp,1,0.0116788,0.0417478,450,10779,0.00911854
4,Lokibot,4,sigma-mvp + real neg,0,0,0,0,10779,0
4,Lokibot,4,exact + real neg,9,0.621898,0.000556638,6,10779,0.644377
4,Lokibot,4,ladder + synthetic neg,10,0.645255,0.0658688,710,10779,0.668693
4,Lokibot,4,ladder + real neg (v2),9,0.621898,0.000556638,6,10779,0.644377
4,Lokibot,4,"ladder + real neg, k=3",3,0.0116788,0,0,10779,0.00911854
4,Lokibot,4,shipped (packaged corpus),8,0.621898,0,0,10779,0.644377
4,Lokibot,4,yara-imphash,1,0.0145985,0.00621579,67,10779,0.0121581
4,Lokibot,4,yara-v2,0,0,0,0,10779,0
4,Lokibot,5,sigma-mvp,0,0,0,0,10779,0
4,Lokibot,5,sigma-mvp + real neg,0,0,0,0,10779,0
4,Lokibot,5,exact + real neg,1,0,0,0,10779,0
4,Lokibot,5,ladder + synthetic neg,1,0,0,0,10779,0
4,Lokibot,5,ladder + real neg (v2),1,0,0,0,10779,0
4,Lokibot,5,"ladder + real neg, k=3",1,0,0,0,10779,0
4,Lokibot,5,shipped (packaged corpus),1,0,0,0,10779,0
4,Lokibot,5,yara-imphash,1,0,0,0,10779,0
4,Lokibot,5,yara-v2,1,0,0,0,10779,0
4,Lokibot,6,sigma-mvp,0,0,0,0,10779,0
4,Lokibot,6,sigma-mvp + real neg,0,0,0,0,10779,0
4,Lokibot,6,exact + real neg,1,0,0,0,10779,0
4,Lokibot,6,ladder + synthetic neg,1,0,0,0,10779,0
4,Lokibot,6,ladder + real neg (v2),1,0,0,0,10779,0
4,Lokibot,6,"ladder + real neg, k=3",1,0,0,0,10779,0
4,Lokibot,6,shipped (packaged corpus),1,0,0,0,10779,0
4,Lokibot,6,yara-imphash,1,0,0,0,10779,0
4,Lokibot,6,yara-v2,1,0.0686131,9.2773e-05,1,10779,0.06231
4,Lokibot,7,sigma-mvp,0,0,0,0,10779,0
4,Lokibot,7,sigma-mvp + real neg,0,0,0,0,10779,0
4,Lokibot,7,exact + real neg,6,0.613139,0,0,10779,0.635258
4,Lokibot,7,ladder + synthetic neg,6,0.613139,0,0,10779,0.635258
4,Lokibot,7,ladder + real neg (v2),6,0.613139,0,0,10779,0.635258
4,Lokibot,7,"ladder + real neg, k=3",3,0.613139,0,0,10779,0.635258
4,Lokibot,7,shipped (packaged corpus),6,0.613139,0,0,10779,0.635258
4,Lokibot,7,yara-imphash,1,0,0,0,10779,0
4,Lokibot,7,yara-v2,1,0,0,0,10779,0
4,Lokibot,8,sigma-mvp,0,0,0,0,10779,0
4,Lokibot,8,sigma-mvp + real neg,0,0,0,0,10779,0
4,Lokibot,8,exact + real neg,9,0.613139,0,0,10779,0.635258
4,Lokibot,8,ladder + synthetic neg,9,0.613139,0,0,10779,0.635258
4,Lokibot,8,ladder + real neg (v2),9,0.613139,0,0,10779,0.635258
4,Lokibot,8,"ladder + real neg, k=3",3,0,0,0,10779,0
4,Lokibot,8,shipped (packaged corpus),9,0.613139,0,0,10779,0.635258
4,Lokibot,8,yara-imphash,1,0,0,0,10779,0
4,Lokibot,8,yara-v2,1,0,0,0,10779,0
4,Lokibot,9,sigma-mvp,0,0,0,0,10779,0
4,Lokibot,9,sigma-mvp + real neg,0,0,0,0,10779,0
4,Lokibot,9,exact + real neg,1,0,0,0,10779,0
4,Lokibot,9,ladder + synthetic neg,1,0,0,0,10779,0
4,Lokibot,9,ladder + real neg (v2),1,0,0,0,10779,0
4,Lokibot,9,"ladder + real neg, k=3",1,0,0,0,10779,0
4,Lokibot,9,shipped (packaged corpus),1,0,0,0,10779,0
4,Lokibot,9,yara-imphash,1,0,0,0,10779,0
4,Lokibot,9,yara-v2,1,0,0,0,10779,0
4,Lokibot,0,"v2, 5 runs pooled",5.4,0.621898,0.000556638,6,10779,0.644377
4,Qakbot,0,sigma-mvp,3,0.989822,0.0456147,505,11071,0.989822
4,Qakbot,0,sigma-mvp + real neg,0,0,0,0,11071,0
4,Qakbot,0,exact + real neg,10,0.992366,0,0,11071,0.992366
4,Qakbot,0,ladder + synthetic neg,10,0.994911,0.4267,4724,11071,0.994911
4,Qakbot,0,ladder + real neg (v2),10,0.984733,0,0,11071,0.984733
4,Qakbot,0,"ladder + real neg, k=3",3,0.984733,0,0,11071,0.984733
4,Qakbot,0,shipped (packaged corpus),10,0.984733,0,0,11071,0.984733
4,Qakbot,0,yara-imphash,1,0,0,0,11071,0
4,Qakbot,0,yara-v2,1,0,0,0,11071,0
4,Qakbot,1,sigma-mvp,3,0.989822,0.0456147,505,11071,0.989822
4,Qakbot,1,sigma-mvp + real neg,0,0,0,0,11071,0
4,Qakbot,1,exact + real neg,10,0.992366,0,0,11071,0.992366
4,Qakbot,1,ladder + synthetic neg,10,0.992366,0.452443,5009,11071,0.992366
4,Qakbot,1,ladder + real neg (v2),10,0.984733,0,0,11071,0.984733
4,Qakbot,1,"ladder + real neg, k=3",3,0.984733,0,0,11071,0.984733
4,Qakbot,1,shipped (packaged corpus),10,0.984733,0,0,11071,0.984733
4,Qakbot,1,yara-imphash,1,0,0,0,11071,0
4,Qakbot,1,yara-v2,1,0,0,0,11071,0
4,Qakbot,2,sigma-mvp,3,0.989822,0.0456147,505,11071,0.989822
4,Qakbot,2,sigma-mvp + real neg,0,0,0,0,11071,0
4,Qakbot,2,exact + real neg,10,0.992366,0,0,11071,0.992366
4,Qakbot,2,ladder + synthetic neg,10,0.992366,0.403667,4469,11071,0.992366
4,Qakbot,2,ladder + real neg (v2),10,0.984733,0,0,11071,0.984733
4,Qakbot,2,"ladder + real neg, k=3",3,0.984733,0,0,11071,0.984733
4,Qakbot,2,shipped (packaged corpus),10,0.984733,0,0,11071,0.984733
4,Qakbot,2,yara-imphash,1,0,0,0,11071,0
4,Qakbot,2,yara-v2,1,0,0,0,11071,0
4,Qakbot,3,sigma-mvp,1,0.984733,0.00641315,71,11071,0.984733
4,Qakbot,3,sigma-mvp + real neg,0,0,0,0,11071,0
4,Qakbot,3,exact + real neg,8,0.984733,0,0,11071,0.984733
4,Qakbot,3,ladder + synthetic neg,8,0.992366,0.0173426,192,11071,0.992366
4,Qakbot,3,ladder + real neg (v2),8,0.984733,0,0,11071,0.984733
4,Qakbot,3,"ladder + real neg, k=3",3,0.0127226,0,0,11071,0.0127226
4,Qakbot,3,shipped (packaged corpus),8,0.984733,0,0,11071,0.984733
4,Qakbot,3,yara-imphash,0,0,0,0,11071,0
4,Qakbot,3,yara-v2,0,0,0,0,11071,0
4,Qakbot,4,sigma-mvp,1,0.984733,0.00641315,71,11071,0.984733
4,Qakbot,4,sigma-mvp + real neg,0,0,0,0,11071,0
4,Qakbot,4,exact + real neg,8,0.992366,0,0,11071,0.992366
4,Qakbot,4,ladder + synthetic neg,8,0.992366,0.0173426,192,11071,0.992366
4,Qakbot,4,ladder + real neg (v2),8,0.992366,0,0,11071,0.992366
4,Qakbot,4,"ladder + real neg, k=3",3,0.979644,0,0,11071,0.979644
4,Qakbot,4,shipped (packaged corpus),8,0.992366,0,0,11071,0.992366
4,Qakbot,4,yara-imphash,1,0,0,0,11071,0
4,Qakbot,4,yara-v2,1,0,0,0,11071,0
4,Qakbot,5,sigma-mvp,3,0.989822,0.0456147,505,11071,0.989822
4,Qakbot,5,sigma-mvp + real neg,0,0,0,0,11071,0
4,Qakbot,5,exact + real neg,10,0.992366,0,0,11071,0.992366
4,Qakbot,5,ladder + synthetic neg,10,0.992366,0.433204,4796,11071,0.992366
4,Qakbot,5,ladder + real neg (v2),10,0.984733,0,0,11071,0.984733
4,Qakbot,5,"ladder + real neg, k=3",3,0.984733,0,0,11071,0.984733
4,Qakbot,5,shipped (packaged corpus),10,0.984733,0,0,11071,0.984733
4,Qakbot,5,yara-imphash,1,0,0,0,11071,0
4,Qakbot,5,yara-v2,1,0,0,0,11071,0
4,Qakbot,6,sigma-mvp,3,0.989822,0.0456147,505,11071,0.989822
4,Qakbot,6,sigma-mvp + real neg,0,0,0,0,11071,0
4,Qakbot,6,exact + real neg,10,0.992366,0,0,11071,0.992366
4,Qakbot,6,ladder + synthetic neg,10,0.992366,0.433204,4796,11071,0.992366
4,Qakbot,6,ladder + real neg (v2),10,0.984733,0,0,11071,0.984733
4,Qakbot,6,"ladder + real neg, k=3",3,0.984733,0,0,11071,0.984733
4,Qakbot,6,shipped (packaged corpus),10,0.984733,0,0,11071,0.984733
4,Qakbot,6,yara-imphash,1,0,0,0,11071,0
4,Qakbot,6,yara-v2,1,0,0,0,11071,0
4,Qakbot,7,sigma-mvp,3,0.989822,0.0456147,505,11071,0.989822
4,Qakbot,7,sigma-mvp + real neg,0,0,0,0,11071,0
4,Qakbot,7,exact + real neg,10,0.992366,0,0,11071,0.992366
4,Qakbot,7,ladder + synthetic neg,10,0.992366,0.452443,5009,11071,0.992366
4,Qakbot,7,ladder + real neg (v2),10,0.984733,0,0,11071,0.984733
4,Qakbot,7,"ladder + real neg, k=3",3,0.984733,0,0,11071,0.984733
4,Qakbot,7,shipped (packaged corpus),10,0.984733,0,0,11071,0.984733
4,Qakbot,7,yara-imphash,1,0,0,0,11071,0
4,Qakbot,7,yara-v2,1,0,0,0,11071,0
4,Qakbot,8,sigma-mvp,1,0.984733,0.00641315,71,11071,0.984733
4,Qakbot,8,sigma-mvp + real neg,0,0,0,0,11071,0
4,Qakbot,8,exact + real neg,6,0,0,0,11071,0
4,Qakbot,8,ladder + synthetic neg,6,0.992366,0.0172523,191,11071,0.992366
4,Qakbot,8,ladder + real neg (v2),6,0,0,0,11071,0
4,Qakbot,8,"ladder + real neg, k=3",3,0,0,0,11071,0
4,Qakbot,8,shipped (packaged corpus),6,0,0,0,11071,0
4,Qakbot,8,yara-imphash,1,0,0,0,11071,0
4,Qakbot,8,yara-v2,1,0,0,0,11071,0
4,Qakbot,9,sigma-mvp,1,0.984733,0.00641315,71,11071,0.984733
4,Qakbot,9,sigma-mvp + real neg,0,0,0,0,11071,0
4,Qakbot,9,exact + real neg,8,0.984733,0,0,11071,0.984733
4,Qakbot,9,ladder + synthetic neg,9,0.992366,0.387228,4287,11071,0.992366
4,Qakbot,9,ladder + real neg (v2),8,0.984733,0,0,11071,0.984733
4,Qakbot,9,"ladder + real neg, k=3",3,0.0127226,0,0,11071,0.0127226
4,Qakbot,9,shipped (packaged corpus),8,0.984733,0,0,11071,0.984733
4,Qakbot,9,yara-imphash,1,0,0,0,11071,0
4,Qakbot,9,yara-v2,1,0,0,0,11071,0
4,Qakbot,0,"v2, 5 runs pooled",9.2,0.992366,0,0,11071,0.992366
4,Swisyn,0,sigma-mvp,0,0,0,0,7206,0
4,Swisyn,0,sigma-mvp + real neg,0,0,0,0,7206,0
4,Swisyn,0,exact + real neg,4,0.997417,0,0,7206,0.973077
4,Swisyn,0,ladder + synthetic neg,5,0.997651,0.0410769,296,7206,0.976923
4,Swisyn,0,ladder + real neg (v2),4,0.997417,0,0,7206,0.973077
4,Swisyn,0,"ladder + real neg, k=3",3,0.997417,0,0,7206,0.973077
4,Swisyn,0,shipped (packaged corpus),5,0.997651,0,0,7206,0.976923
4,Swisyn,0,yara-imphash,1,0.811884,0,0,7206,0.680769
4,Swisyn,0,yara-v2,1,0.813762,0,0,7206,0.692308
4,Swisyn,1,sigma-mvp,0,0,0,0,7206,0
4,Swisyn,1,sigma-mvp + real neg,0,0,0,0,7206,0
4,Swisyn,1,exact + real neg,5,0.997651,0,0,7206,0.976923
4,Swisyn,1,ladder + synthetic neg,5,0.997651,0.0410769,296,7206,0.976923
4,Swisyn,1,ladder + real neg (v2),5,0.997651,0,0,7206,0.976923
4,Swisyn,1,"ladder + real neg, k=3",3,0.997417,0,0,7206,0.973077
4,Swisyn,1,shipped (packaged corpus),5,0.997651,0,0,7206,0.976923
4,Swisyn,1,yara-imphash,1,0.811884,0,0,7206,0.680769
4,Swisyn,1,yara-v2,1,0.813762,0,0,7206,0.692308
4,Swisyn,2,sigma-mvp,0,0,0,0,7206,0
4,Swisyn,2,sigma-mvp + real neg,0,0,0,0,7206,0
4,Swisyn,2,exact + real neg,5,0.997651,0,0,7206,0.976923
4,Swisyn,2,ladder + synthetic neg,5,0.997651,0.0410769,296,7206,0.976923
4,Swisyn,2,ladder + real neg (v2),5,0.997651,0,0,7206,0.976923
4,Swisyn,2,"ladder + real neg, k=3",3,0.997417,0,0,7206,0.973077
4,Swisyn,2,shipped (packaged corpus),5,0.997651,0,0,7206,0.976923
4,Swisyn,2,yara-imphash,1,0.811884,0,0,7206,0.680769
4,Swisyn,2,yara-v2,1,0.813762,0,0,7206,0.692308
4,Swisyn,3,sigma-mvp,0,0,0,0,7206,0
4,Swisyn,3,sigma-mvp + real neg,0,0,0,0,7206,0
4,Swisyn,3,exact + real neg,5,0.997651,0,0,7206,0.976923
4,Swisyn,3,ladder + synthetic neg,5,0.997651,0.0410769,296,7206,0.976923
4,Swisyn,3,ladder + real neg (v2),5,0.997651,0,0,7206,0.976923
4,Swisyn,3,"ladder + real neg, k=3",3,0.997417,0,0,7206,0.973077
4,Swisyn,3,shipped (packaged corpus),5,0.997651,0,0,7206,0.976923
4,Swisyn,3,yara-imphash,1,0.811884,0,0,7206,0.680769
4,Swisyn,3,yara-v2,1,0.813762,0,0,7206,0.692308
4,Swisyn,4,sigma-mvp,0,0,0,0,7206,0
4,Swisyn,4,sigma-mvp + real neg,0,0,0,0,7206,0
4,Swisyn,4,exact + real neg,5,0.997651,0,0,7206,0.976923
4,Swisyn,4,ladder + synthetic neg,5,0.997651,0.0410769,296,7206,0.976923
4,Swisyn,4,ladder + real neg (v2),5,0.997651,0,0,7206,0.976923
4,Swisyn,4,"ladder + real neg, k=3",3,0.997417,0,0,7206,0.973077
4,Swisyn,4,shipped (packaged corpus),5,0.997651,0,0,7206,0.976923
4,Swisyn,4,yara-imphash,1,0.811884,0,0,7206,0.680769
4,Swisyn,4,yara-v2,1,0.813762,0,0,7206,0.692308
4,Swisyn,5,sigma-mvp,0,0,0,0,7206,0
4,Swisyn,5,sigma-mvp + real neg,0,0,0,0,7206,0
4,Swisyn,5,exact + real neg,5,0.997651,0,0,7206,0.976923
4,Swisyn,5,ladder + synthetic neg,5,0.997651,0.0410769,296,7206,0.976923
4,Swisyn,5,ladder + real neg (v2),5,0.997651,0,0,7206,0.976923
4,Swisyn,5,"ladder + real neg, k=3",3,0.997417,0,0,7206,0.973077
4,Swisyn,5,shipped (packaged corpus),5,0.997651,0,0,7206,0.976923
4,Swisyn,5,yara-imphash,1,0.811884,0,0,7206,0.680769
4,Swisyn,5,yara-v2,1,0.813762,0,0,7206,0.692308
4,Swisyn,6,sigma-mvp,0,0,0,0,7206,0
4,Swisyn,6,sigma-mvp + real neg,0,0,0,0,7206,0
4,Swisyn,6,exact + real neg,5,0.997417,0,0,7206,0.973077
4,Swisyn,6,ladder + synthetic neg,5,0.997417,0,0,7206,0.973077
4,Swisyn,6,ladder + real neg (v2),5,0.997417,0,0,7206,0.973077
4,Swisyn,6,"ladder + real neg, k=3",3,0.997417,0,0,7206,0.973077
4,Swisyn,6,shipped (packaged corpus),5,0.997417,0,0,7206,0.973077
4,Swisyn,6,yara-imphash,1,0.175904,0,0,7206,0.257692
4,Swisyn,6,yara-v2,1,0.989667,0,0,7206,0.95
4,Swisyn,7,sigma-mvp,0,0,0,0,7206,0
4,Swisyn,7,sigma-mvp + real neg,0,0,0,0,7206,0
4,Swisyn,7,exact + real neg,5,0.997651,0,0,7206,0.976923
4,Swisyn,7,ladder + synthetic neg,5,0.997651,0.0410769,296,7206,0.976923
4,Swisyn,7,ladder + real neg (v2),5,0.997651,0,0,7206,0.976923
4,Swisyn,7,"ladder + real neg, k=3",3,0.997417,0,0,7206,0.973077
4,Swisyn,7,shipped (packaged corpus),5,0.997651,0,0,7206,0.976923
4,Swisyn,7,yara-imphash,1,0.811884,0,0,7206,0.680769
4,Swisyn,7,yara-v2,1,0.813762,0,0,7206,0.692308
4,Swisyn,8,sigma-mvp,0,0,0,0,7206,0
4,Swisyn,8,sigma-mvp + real neg,0,0,0,0,7206,0
4,Swisyn,8,exact + real neg,5,0.997651,0,0,7206,0.976923
4,Swisyn,8,ladder + synthetic neg,5,0.997651,0.0410769,296,7206,0.976923
4,Swisyn,8,ladder + real neg (v2),5,0.997651,0,0,7206,0.976923
4,Swisyn,8,"ladder + real neg, k=3",3,0.997417,0,0,7206,0.973077
4,Swisyn,8,shipped (packaged corpus),5,0.997651,0,0,7206,0.976923
4,Swisyn,8,yara-imphash,1,0.811884,0,0,7206,0.680769
4,Swisyn,8,yara-v2,1,0.813762,0,0,7206,0.692308
4,Swisyn,9,sigma-mvp,0,0,0,0,7206,0
4,Swisyn,9,sigma-mvp + real neg,0,0,0,0,7206,0
4,Swisyn,9,exact + real neg,5,0.997417,0,0,7206,0.973077
4,Swisyn,9,ladder + synthetic neg,5,0.997417,0,0,7206,0.973077
4,Swisyn,9,ladder + real neg (v2),5,0.997417,0,0,7206,0.973077
4,Swisyn,9,"ladder + real neg, k=3",3,0.997417,0,0,7206,0.973077
4,Swisyn,9,shipped (packaged corpus),5,0.997417,0,0,7206,0.973077
4,Swisyn,9,yara-imphash,1,0.175904,0,0,7206,0.257692
4,Swisyn,9,yara-v2,1,0.989667,0,0,7206,0.95
4,Swisyn,0,"v2, 5 runs pooled",4.8,0.997651,0,0,7206,0.976923
4,Trickbot,0,sigma-mvp,0,0,0,0,10128,0
4,Trickbot,0,sigma-mvp + real neg,0,0,0,0,10128,0
4,Trickbot,0,exact + real neg,0,0,0,0,10128,0
4,Trickbot,0,ladder + synthetic neg,0,0,0,0,10128,0
4,Trickbot,0,ladder + real neg (v2),0,0,0,0,10128,0
4,Trickbot,0,"ladder + real neg, k=3",0,0,0,0,10128,0
4,Trickbot,0,shipped (packaged corpus),0,0,0,0,10128,0
4,Trickbot,0,yara-imphash,1,0.00224551,0,0,10128,0
4,Trickbot,0,yara-v2,1,0.0157186,0,0,10128,0.00106496
4,Trickbot,1,sigma-mvp,1,0.00823353,0.0441351,447,10128,0.0106496
4,Trickbot,1,sigma-mvp + real neg,0,0,0,0,10128,0
4,Trickbot,1,exact + real neg,10,0.00823353,9.87362e-05,1,10128,0.0106496
4,Trickbot,1,ladder + synthetic neg,10,0.00973054,0.092812,940,10128,0.0127796
4,Trickbot,1,ladder + real neg (v2),10,0.00823353,9.87362e-05,1,10128,0.0106496
4,Trickbot,1,"ladder + real neg, k=3",3,0.00823353,9.87362e-05,1,10128,0.0106496
4,Trickbot,1,shipped (packaged corpus),10,0.00823353,9.87362e-05,1,10128,0.0106496
4,Trickbot,1,yara-imphash,1,0,0,0,10128,0
4,Trickbot,1,yara-v2,1,0.184132,0.0484795,491,10128,0.261981
4,Trickbot,2,sigma-mvp,0,0,0,0,10128,0
4,Trickbot,2,sigma-mvp + real neg,0,0,0,0,10128,0
4,Trickbot,2,exact + real neg,3,0,0,0,10128,0
4,Trickbot,2,ladder + synthetic neg,3,0,0,0,10128,0
4,Trickbot,2,ladder + real neg (v2),3,0,0,0,10128,0
4,Trickbot,2,"ladder + real neg, k=3",3,0,0,0,10128,0
4,Trickbot,2,shipped (packaged corpus),3,0,0,0,10128,0
4,Trickbot,2,yara-imphash,1,0,0,0,10128,0
4,Trickbot,2,yara-v2,1,0.00299401,0,0,10128,0.00425985
4,Trickbot,3,sigma-mvp,0,0,0,0,10128,0
4,Trickbot,3,sigma-mvp + real neg,0,0,0,0,10128,0
4,Trickbot,3,exact + real neg,1,0,0,0,10128,0
4,Trickbot,3,ladder + synthetic neg,1,0,0,0,10128,0
4,Trickbot,3,ladder + real neg (v2),1,0,0,0,10128,0
4,Trickbot,3,"ladder + real neg, k=3",1,0,0,0,10128,0
4,Trickbot,3,shipped (packaged corpus),1,0,0,0,10128,0
4,Trickbot,3,yara-imphash,1,0,0,0,10128,0
4,Trickbot,3,yara-v2,1,0,0,0,10128,0
4,Trickbot,4,sigma-mvp,1,0.00823353,0.0441351,447,10128,0.0106496
4,Trickbot,4,sigma-mvp + real neg,0,0,0,0,10128,0
4,Trickbot,4,exact + real neg,10,0.00823353,9.87362e-05,1,10128,0.0106496
4,Trickbot,4,ladder + synthetic neg,10,0.0149701,0.101402,1027,10128,0.0202343
4,Trickbot,4,ladder + real neg (v2),10,0.00823353,9.87362e-05,1,10128,0.0106496
4,Trickbot,4,"ladder + real neg, k=3",3,0.000748503,9.87362e-05,1,10128,0.00106496
4,Trickbot,4,shipped (packaged corpus),10,0.00823353,9.87362e-05,1,10128,0.0106496
4,Trickbot,4,yara-imphash,1,0,0,0,10128,0
4,Trickbot,4,yara-v2,1,0,0,0,10128,0
4,Trickbot,5,sigma-mvp,0,0,0,0,10128,0
4,Trickbot,5,sigma-mvp + real neg,0,0,0,0,10128,0
4,Trickbot,5,exact + real neg,2,0,0,0,10128,0
4,Trickbot,5,ladder + synthetic neg,2,0,0,0,10128,0
4,Trickbot,5,ladder + real neg (v2),2,0,0,0,10128,0
4,Trickbot,5,"ladder + real neg, k=3",2,0,0,0,10128,0
4,Trickbot,5,shipped (packaged corpus),2,0,0,0,10128,0
4,Trickbot,5,yara-imphash,1,0,0,0,10128,0
4,Trickbot,5,yara-v2,1,0,0,0,10128,0
4,Trickbot,6,sigma-mvp,0,0,0,0,10128,0
4,Trickbot,6,sigma-mvp + real neg,0,0,0,0,10128,0
4,Trickbot,6,exact + real neg,1,0,0,0,10128,0
4,Trickbot,6,ladder + synthetic neg,2,0.00598802,0.00967615,98,10128,0.0085197
4,Trickbot,6,ladder + real neg (v2),1,0,0,0,10128,0
4,Trickbot,6,"ladder + real neg, k=3",1,0,0,0,10128,0
4,Trickbot,6,shipped (packaged corpus),1,0,0,0,10128,0
4,Trickbot,6,yara-imphash,1,0,0,0,10128,0
4,Trickbot,6,yara-v2,1,0,0,0,10128,0
4,Trickbot,7,sigma-mvp,0,0,0,0,10128,0
4,Trickbot,7,sigma-mvp + real neg,0,0,0,0,10128,0
4,Trickbot,7,exact + real neg,5,0,0,0,10128,0
4,Trickbot,7,ladder + synthetic neg,5,0,0,0,10128,0
4,Trickbot,7,ladder + real neg (v2),5,0,0,0,10128,0
4,Trickbot,7,"ladder + real neg, k=3",3,0,0,0,10128,0
4,Trickbot,7,shipped (packaged corpus),5,0,0,0,10128,0
4,Trickbot,7,yara-imphash,1,0,0,0,10128,0
4,Trickbot,7,yara-v2,1,0,0,0,10128,0
4,Trickbot,8,sigma-mvp,0,0,0,0,10128,0
4,Trickbot,8,sigma-mvp + real neg,0,0,0,0,10128,0
4,Trickbot,8,exact + real neg,1,0,0,0,10128,0
4,Trickbot,8,ladder + synthetic neg,1,0,0,0,10128,0
4,Trickbot,8,ladder + real neg (v2),1,0,0,0,10128,0
4,Trickbot,8,"ladder + real neg, k=3",1,0,0,0,10128,0
4,Trickbot,8,shipped (packaged corpus),1,0,0,0,10128,0
4,Trickbot,8,yara-imphash,1,0,0,0,10128,0
4,Trickbot,8,yara-v2,1,0,0,0,10128,0
4,Trickbot,9,sigma-mvp,1,0.00823353,0.0441351,447,10128,0.0106496
4,Trickbot,9,sigma-mvp + real neg,0,0,0,0,10128,0
4,Trickbot,9,exact + real neg,10,0.00823353,0,0,10128,0.0106496
4,Trickbot,9,ladder + synthetic neg,10,0.00898204,0.0479858,486,10128,0.0117146
4,Trickbot,9,ladder + real neg (v2),10,0,9.87362e-05,1,10128,0
4,Trickbot,9,"ladder + real neg, k=3",3,0,0,0,10128,0
4,Trickbot,9,shipped (packaged corpus),10,0,9.87362e-05,1,10128,0
4,Trickbot,9,yara-imphash,1,0,0,0,10128,0
4,Trickbot,9,yara-v2,1,0.184132,0.0368286,373,10128,0.261981
4,Trickbot,0,"v2, 5 runs pooled",4.8,0.00823353,9.87362e-05,1,10128,0.0106496
4,Ursnif,0,sigma-mvp,2,0.00398406,0.07526,825,10962,0.00399202
4,Ursnif,0,sigma-mvp + real neg,0,0,0,0,10962,0
4,Ursnif,0,exact + real neg,9,0.00796813,0,0,10962,0.00798403
4,Ursnif,0,ladder + synthetic neg,9,0.00796813,0.0416895,457,10962,0.00798403
4,Ursnif,0,ladder + real neg (v2),9,0.00796813,0,0,10962,0.00798403
4,Ursnif,0,"ladder + real neg, k=3",3,0.0059761,0,0,10962,0.00598802
4,Ursnif,0,shipped (packaged corpus),9,0.00796813,0,0,10962,0.00798403
4,Ursnif,0,yara-imphash,1,0,0,0,10962,0
4,Ursnif,0,yara-v2,1,0,0,0,10962,0
4,Ursnif,1,sigma-mvp,0,0,0,0,10962,0
4,Ursnif,1,sigma-mvp + real neg,0,0,0,0,10962,0
4,Ursnif,1,exact + real neg,4,0.00796813,0,0,10962,0.00798403
4,Ursnif,1,ladder + synthetic neg,4,0.0438247,0.0455209,499,10962,0.0439122
4,Ursnif,1,ladder + real neg (v2),4,0.0438247,0,0,10962,0.0439122
4,Ursnif,1,"ladder + real neg, k=3",3,0.0398406,0,0,10962,0.0399202
4,Ursnif,1,shipped (packaged corpus),4,0.0438247,0,0,10962,0.0439122
4,Ursnif,1,yara-imphash,1,0,0,0,10962,0
4,Ursnif,1,yara-v2,1,0,0,0,10962,0
4,Ursnif,2,sigma-mvp,0,0,0,0,10962,0
4,Ursnif,2,sigma-mvp + real neg,0,0,0,0,10962,0
4,Ursnif,2,exact + real neg,4,0.00796813,0,0,10962,0.00798403
4,Ursnif,2,ladder + synthetic neg,4,0.0438247,0.0455209,499,10962,0.0439122
4,Ursnif,2,ladder + real neg (v2),4,0.0438247,0,0,10962,0.0439122
4,Ursnif,2,"ladder + real neg, k=3",3,0.0418327,0,0,10962,0.0419162
4,Ursnif,2,shipped (packaged corpus),4,0.0438247,0,0,10962,0.0439122
4,Ursnif,2,yara-imphash,1,0,0,0,10962,0
4,Ursnif,2,yara-v2,1,0.00796813,0.0232622,255,10962,0.00798403
4,Ursnif,3,sigma-mvp,0,0,0,0,10962,0
4,Ursnif,3,sigma-mvp + real neg,0,0,0,0,10962,0
4,Ursnif,3,exact + real neg,10,0.0059761,0,0,10962,0.00598802
4,Ursnif,3,ladder + synthetic neg,10,0.0418327,0.0455209,499,10962,0.0419162
4,Ursnif,3,ladder + real neg (v2),10,0.0418327,0,0,10962,0.0419162
4,Ursnif,3,"ladder + real neg, k=3",3,0.0418327,0,0,10962,0.0419162
4,Ursnif,3,shipped (packaged corpus),10,0.0418327,0,0,10962,0.0419162
4,Ursnif,3,yara-imphash,1,0,0,0,10962,0
4,Ursnif,3,yara-v2,1,0,0,0,10962,0
4,Ursnif,4,sigma-mvp,2,0.00398406,0.07526,825,10962,0.00399202
4,Ursnif,4,sigma-mvp + real neg,0,0,0,0,10962,0
4,Ursnif,4,exact + real neg,9,0.00796813,0,0,10962,0.00798403
4,Ursnif,4,ladder + synthetic neg,10,0.00996016,0.0510856,560,10962,0.00998004
4,Ursnif,4,ladder + real neg (v2),9,0.00796813,0,0,10962,0.00798403
4,Ursnif,4,"ladder + real neg, k=3",3,0.0059761,0,0,10962,0.00598802
4,Ursnif,4,shipped (packaged corpus),9,0.00796813,0,0,10962,0.00798403
4,Ursnif,4,yara-imphash,1,0,0,0,10962,0
4,Ursnif,4,yara-v2,1,0,0,0,10962,0
4,Ursnif,5,sigma-mvp,0,0,0,0,10962,0
4,Ursnif,5,sigma-mvp + real neg,0,0,0,0,10962,0
4,Ursnif,5,exact + real neg,3,0,0,0,10962,0
4,Ursnif,5,ladder + synthetic neg,3,0.00199203,0.00957854,105,10962,0.00199601
4,Ursnif,5,ladder + real neg (v2),2,0,0,0,10962,0
4,Ursnif,5,"ladder + real neg, k=3",2,0,0,0,10962,0
4,Ursnif,5,shipped (packaged corpus),2,0,0,0,10962,0
4,Ursnif,5,yara-imphash,1,0,0,0,10962,0
4,Ursnif,5,yara-v2,1,0,0,0,10962,0
4,Ursnif,6,sigma-mvp,0,0,0,0,10962,0
4,Ursnif,6,sigma-mvp + real neg,0,0,0,0,10962,0
4,Ursnif,6,exact + real neg,4,0.00796813,0,0,10962,0.00798403
4,Ursnif,6,ladder + synthetic neg,5,0.0438247,0.0842912,924,10962,0.0439122
4,Ursnif,6,ladder + real neg (v2),4,0.0438247,0,0,10962,0.0439122
4,Ursnif,6,"ladder + real neg, k=3",3,0.0418327,0,0,10962,0.0419162
4,Ursnif,6,shipped (packaged corpus),4,0.0438247,0,0,10962,0.0439122
4,Ursnif,6,yara-imphash,1,0,0,0,10962,0
4,Ursnif,6,yara-v2,1,0,0,0,10962,0
4,Ursnif,7,sigma-mvp,0,0,0,0,10962,0
4,Ursnif,7,sigma-mvp + real neg,0,0,0,0,10962,0
4,Ursnif,7,exact + real neg,4,0.00796813,0,0,10962,0.00798403
4,Ursnif,7,ladder + synthetic neg,4,0.0438247,0.0455209,499,10962,0.0439122
4,Ursnif,7,ladder + real neg (v2),4,0.0438247,0,0,10962,0.0439122
4,Ursnif,7,"ladder + real neg, k=3",3,0.0418327,0,0,10962,0.0419162
4,Ursnif,7,shipped (packaged corpus),4,0.0438247,0,0,10962,0.0439122
4,Ursnif,7,yara-imphash,1,0,0,0,10962,0
4,Ursnif,7,yara-v2,1,0,0,0,10962,0
4,Ursnif,8,sigma-mvp,2,0.00398406,0.07526,825,10962,0.00399202
4,Ursnif,8,sigma-mvp + real neg,0,0,0,0,10962,0
4,Ursnif,8,exact + real neg,7,0.00796813,0,0,10962,0.00798403
4,Ursnif,8,ladder + synthetic neg,7,0.00796813,0.051268,562,10962,0.00798403
4,Ursnif,8,ladder + real neg (v2),7,0.00796813,0,0,10962,0.00798403
4,Ursnif,8,"ladder + real neg, k=3",3,0,0,0,10962,0
4,Ursnif,8,shipped (packaged corpus),7,0.00796813,0,0,10962,0.00798403
4,Ursnif,8,yara-imphash,1,0,0,0,10962,0
4,Ursnif,8,yara-v2,1,0,0,0,10962,0
4,Ursnif,9,sigma-mvp,2,0.00398406,0.07526,825,10962,0.00399202
4,Ursnif,9,sigma-mvp + real neg,0,0,0,0,10962,0
4,Ursnif,9,exact + real neg,7,0.00796813,0,0,10962,0.00798403
4,Ursnif,9,ladder + synthetic neg,7,0.00796813,0.051268,562,10962,0.00798403
4,Ursnif,9,ladder + real neg (v2),7,0.00796813,0,0,10962,0.00798403
4,Ursnif,9,"ladder + real neg, k=3",3,0,0,0,10962,0
4,Ursnif,9,shipped (packaged corpus),7,0.00796813,0,0,10962,0.00798403
4,Ursnif,9,yara-imphash,1,0,0,0,10962,0
4,Ursnif,9,yara-v2,1,0,0,0,10962,0
4,Ursnif,0,"v2, 5 runs pooled",7.2,0.0438247,0,0,10962,0.0439122
4,Zeus,0,sigma-mvp,1,0.472222,0.0513251,581,11320,0.448276
4,Zeus,0,sigma-mvp + real neg,0,0,0,0,11320,0
4,Zeus,0,exact + real neg,2,0.3125,8.83392e-05,1,11320,0.0344828
4,Zeus,0,ladder + synthetic neg,2,0.3125,0.000176678,2,11320,0.0344828
4,Zeus,0,ladder + real neg (v2),2,0.3125,0.000176678,2,11320,0.0344828
4,Zeus,0,"ladder + real neg, k=3",2,0.3125,0.000176678,2,11320,0.0344828
4,Zeus,0,shipped (packaged corpus),2,0.3125,0.000176678,2,11320,0.0344828
4,Zeus,0,yara-imphash,1,0.00694444,0,0,11320,0
4,Zeus,0,yara-v2,1,0.0416667,0.00282686,32,11320,0.0517241
4,Zeus,1,sigma-mvp,2,0.520833,0.0664311,752,11320,0.568966
4,Zeus,1,sigma-mvp + real neg,0,0,0,0,11320,0
4,Zeus,1,exact + real neg,10,0.0138889,0,0,11320,0.0344828
4,Zeus,1,ladder + synthetic neg,10,0.201389,0.0469965,532,11320,0.5
4,Zeus,1,ladder + real neg (v2),10,0.0138889,0,0,11320,0.0344828
4,Zeus,1,"ladder + real neg, k=3",3,0,0,0,11320,0
4,Zeus,1,shipped (packaged corpus),10,0.0138889,0,0,11320,0.0344828
4,Zeus,1,yara-imphash,1,0,0,0,11320,0
4,Zeus,1,yara-v2,1,0,8.83392e-05,1,11320,0
4,Zeus,2,sigma-mvp,1,0.472222,0.0513251,581,11320,0.448276
4,Zeus,2,sigma-mvp + real neg,0,0,0,0,11320,0
4,Zeus,2,exact + real neg,2,0.3125,8.83392e-05,1,11320,0.0344828
4,Zeus,2,ladder + synthetic neg,3,0.569444,0.452739,5125,11320,0.655172
4,Zeus,2,ladder + real neg (v2),3,0.3125,0.000176678,2,11320,0.0344828
4,Zeus,2,"ladder + real neg, k=3",3,0.3125,0.000176678,2,11320,0.0344828
4,Zeus,2,shipped (packaged corpus),3,0.3125,0.000176678,2,11320,0.0344828
4,Zeus,2,yara-imphash,1,0,0,0,11320,0
4,Zeus,2,yara-v2,1,0,0,0,11320,0
4,Zeus,3,sigma-mvp,1,0.194444,0.0379859,430,11320,0.482759
4,Zeus,3,sigma-mvp + real neg,0,0,0,0,11320,0
4,Zeus,3,exact + real neg,10,0.0138889,0,0,11320,0.0344828
4,Zeus,3,ladder + synthetic neg,10,0.201389,0.0469965,532,11320,0.5
4,Zeus,3,ladder + real neg (v2),10,0.0138889,0,0,11320,0.0344828
4,Zeus,3,"ladder + real neg, k=3",3,0,0,0,11320,0
4,Zeus,3,shipped (packaged corpus),10,0.0138889,0,0,11320,0.0344828
4,Zeus,3,yara-imphash,1,0,0,0,11320,0
4,Zeus,3,yara-v2,1,0,0,0,11320,0
4,Zeus,4,sigma-mvp,1,0.194444,0.0379859,430,11320,0.482759
4,Zeus,4,sigma-mvp + real neg,0,0,0,0,11320,0
4,Zeus,4,exact + real neg,10,0.0138889,0,0,11320,0.0344828
4,Zeus,4,ladder + synthetic neg,10,0.201389,0.0469965,532,11320,0.5
4,Zeus,4,ladder + real neg (v2),10,0.0138889,0,0,11320,0.0344828
4,Zeus,4,"ladder + real neg, k=3",3,0,0,0,11320,0
4,Zeus,4,shipped (packaged corpus),10,0.0138889,0,0,11320,0.0344828
4,Zeus,4,yara-imphash,1,0,0,0,11320,0
4,Zeus,4,yara-v2,1,0,0,0,11320,0
4,Zeus,5,sigma-mvp,1,0.194444,0.0379859,430,11320,0.482759
4,Zeus,5,sigma-mvp + real neg,0,0,0,0,11320,0
4,Zeus,5,exact + real neg,2,0,0,0,11320,0
4,Zeus,5,ladder + synthetic neg,2,0.194444,0.0380742,431,11320,0.482759
4,Zeus,5,ladder + real neg (v2),2,0,0,0,11320,0
4,Zeus,5,"ladder + real neg, k=3",2,0,0,0,11320,0
4,Zeus,5,shipped (packaged corpus),2,0,0,0,11320,0
4,Zeus,5,yara-imphash,1,0,0,0,11320,0
4,Zeus,5,yara-v2,1,0,0,0,11320,0
4,Zeus,6,sigma-mvp,1,0.472222,0.0513251,581,11320,0.448276
4,Zeus,6,sigma-mvp + real neg,0,0,0,0,11320,0
4,Zeus,6,exact + real neg,6,0,0,0,11320,0
4,Zeus,6,ladder + synthetic neg,10,0.131944,0.158657,1796,11320,0.327586
4,Zeus,6,ladder + real neg (v2),6,0,0,0,11320,0
4,Zeus,6,"ladder + real neg, k=3",3,0,0,0,11320,0
4,Zeus,6,shipped (packaged corpus),6,0,0,0,11320,0
4,Zeus,6,yara-imphash,1,0,0,0,11320,0
4,Zeus,6,yara-v2,1,0.0347222,0,0,11320,0.0517241
4,Zeus,7,sigma-mvp,1,0.194444,0.0379859,430,11320,0.482759
4,Zeus,7,sigma-mvp + real neg,0,0,0,0,11320,0
4,Zeus,7,exact + real neg,10,0.0138889,0,0,11320,0.0344828
4,Zeus,7,ladder + synthetic neg,10,0.201389,0.0469965,532,11320,0.5
4,Zeus,7,ladder + real neg (v2),10,0.0138889,0,0,11320,0.0344828
4,Zeus,7,"ladder + real neg, k=3",3,0,0,0,11320,0
4,Zeus,7,shipped (packaged corpus),10,0.0138889,0,0,11320,0.0344828
4,Zeus,7,yara-imphash,1,0,0,0,11320,0
4,Zeus,7,yara-v2,1,0,0,0,11320,0
4,Zeus,8,sigma-mvp,0,0,0,0,11320,0
4,Zeus,8,sigma-mvp + real neg,0,0,0,0,11320,0
4,Zeus,8,exact + real neg,10,0,0,0,11320,0
4,Zeus,8,ladder + synthetic neg,10,0.597222,0.510954,5784,11320,0.724138
4,Zeus,8,ladder + real neg (v2),10,0,0,0,11320,0
4,Zeus,8,"ladder + real neg, k=3",3,0,0,0,11320,0
4,Zeus,8,shipped (packaged corpus),10,0,0,0,11320,0
4,Zeus,8,yara-imphash,1,0,0,0,11320,0
4,Zeus,8,yara-v2,1,0.0347222,0,0,11320,0.0517241
4,Zeus,9,sigma-mvp,1,0.194444,0.0379859,430,11320,0.482759
4,Zeus,9,sigma-mvp + real neg,0,0,0,0,11320,0
4,Zeus,9,exact + real neg,10,0,0,0,11320,0
4,Zeus,9,ladder + synthetic neg,10,0.194444,0.0380742,431,11320,0.482759
4,Zeus,9,ladder + real neg (v2),10,0,0,0,11320,0
4,Zeus,9,"ladder + real neg, k=3",3,0,0,0,11320,0
4,Zeus,9,shipped (packaged corpus),10,0,0,0,11320,0
4,Zeus,9,yara-imphash,1,0,0,0,11320,0
4,Zeus,9,yara-v2,1,0,0,0,11320,0
4,Zeus,0,"v2, 5 runs pooled",7,0.326389,0.000176678,2,11320,0.0689655
4,njRAT,0,sigma-mvp,1,0.372007,0.0409303,447,10921,0.408998
4,njRAT,0,sigma-mvp + real neg,0,0,0,0,10921,0
4,njRAT,0,exact + real neg,10,0.0165746,9.15667e-05,1,10921,0.0184049
4,njRAT,0,ladder + synthetic neg,10,0.473297,0.00366267,40,10921,0.474438
4,njRAT,0,ladder + real neg (v2),10,0.0165746,9.15667e-05,1,10921,0.0184049
4,njRAT,0,"ladder + real neg, k=3",3,0.014733,0,0,10921,0.0163599
4,njRAT,0,shipped (packaged corpus),10,0.278085,0.000183133,2,10921,0.288344
4,njRAT,0,yara-imphash,1,0,0,0,10921,0
4,njRAT,0,yara-v2,1,0.014733,0,0,10921,0.0163599
4,njRAT,1,sigma-mvp,0,0,0,0,10921,0
4,njRAT,1,sigma-mvp + real neg,0,0,0,0,10921,0
4,njRAT,1,exact + real neg,10,0.0165746,9.15667e-05,1,10921,0.0184049
4,njRAT,1,ladder + synthetic neg,10,0.176796,0.000366267,4,10921,0.165644
4,njRAT,1,ladder + real neg (v2),10,0.0165746,9.15667e-05,1,10921,0.0184049
4,njRAT,1,"ladder + real neg, k=3",3,0.014733,0,0,10921,0.0163599
4,njRAT,1,shipped (packaged corpus),10,0.014733,0,0,10921,0.0163599
4,njRAT,1,yara-imphash,1,0.00552486,0,0,10921,0.00613497
4,njRAT,1,yara-v2,1,0.014733,0,0,10921,0.0163599
4,njRAT,2,sigma-mvp,1,0.372007,0.0409303,447,10921,0.408998
4,njRAT,2,sigma-mvp + real neg,0,0,0,0,10921,0
4,njRAT,2,exact + real neg,10,0.0828729,0,0,10921,0.0899796
4,njRAT,2,ladder + synthetic neg,8,0.370166,0.0304917,333,10921,0.390593
4,njRAT,2,ladder + real neg (v2),10,0.0828729,0,0,10921,0.0899796
4,njRAT,2,"ladder + real neg, k=3",3,0,0,0,10921,0
4,njRAT,2,shipped (packaged corpus),7,0.278085,0.000183133,2,10921,0.288344
4,njRAT,2,yara-imphash,1,0,0,0,10921,0
4,njRAT,2,yara-v2,1,0,0,0,10921,0
4,njRAT,3,sigma-mvp,1,0.372007,0.0409303,447,10921,0.408998
4,njRAT,3,sigma-mvp + real neg,0,0,0,0,10921,0
4,njRAT,3,exact + real neg,10,0,0,0,10921,0
4,njRAT,3,ladder + synthetic neg,10,0.615101,0.0079663,87,10921,0.586912
4,njRAT,3,ladder + real neg (v2),10,0,0,0,10921,0
4,njRAT,3,"ladder + real neg, k=3",3,0,0,0,10921,0
4,njRAT,3,shipped (packaged corpus),10,0.388582,9.15667e-05,1,10921,0.411043
4,njRAT,3,yara-imphash,1,0.384899,0.00787474,86,10921,0.376278
4,njRAT,3,yara-v2,0,0,0,0,10921,0
4,njRAT,4,sigma-mvp,1,0.372007,0.0409303,447,10921,0.408998
4,njRAT,4,sigma-mvp + real neg,0,0,0,0,10921,0
4,njRAT,4,exact + real neg,10,0,0.0002747,3,10921,0
4,njRAT,4,ladder + synthetic neg,10,0,0.000457834,5,10921,0
4,njRAT,4,ladder + real neg (v2),10,0,0.000457834,5,10921,0
4,njRAT,4,"ladder + real neg, k=3",3,0,0.000457834,5,10921,0
4,njRAT,4,shipped (packaged corpus),10,0,0.000457834,5,10921,0
4,njRAT,4,yara-imphash,1,0,0,0,10921,0
4,njRAT,4,yara-v2,1,0,0,0,10921,0
4,njRAT,5,sigma-mvp,1,0.372007,0.0409303,447,10921,0.408998
4,njRAT,5,sigma-mvp + real neg,0,0,0,0,10921,0
4,njRAT,5,exact + real neg,10,0.372007,0,0,10921,0.392638
4,njRAT,5,ladder + synthetic neg,10,0.760589,0.506639,5533,10921,0.781186
4,njRAT,5,ladder + real neg (v2),10,0.0755064,0.0038458,42,10921,0.0838446
4,njRAT,5,"ladder + real neg, k=3",3,0.0368324,0.0002747,3,10921,0.0408998
4,njRAT,5,shipped (packaged corpus),10,0.381215,9.15667e-05,1,10921,0.402863
4,njRAT,5,yara-imphash,1,0.0165746,0,0,10921,0.0184049
4,njRAT,5,yara-v2,1,0.14733,0.00228917,25,10921,0.159509
4,njRAT,6,sigma-mvp,0,0,0,0,10921,0
4,njRAT,6,sigma-mvp + real neg,0,0,0,0,10921,0
4,njRAT,6,exact + real neg,6,0.119705,0.000183133,2,10921,0.114519
4,njRAT,6,ladder + synthetic neg,9,0.489871,0.00677594,74,10921,0.449898
4,njRAT,6,ladder + real neg (v2),6,0.119705,0.000183133,2,10921,0.114519
4,njRAT,6,"ladder + real neg, k=3",3,0,0,0,10921,0
4,njRAT,6,shipped (packaged corpus),5,0.11418,0,0,10921,0.108384
4,njRAT,6,yara-imphash,0,0,0,0,10921,0
4,njRAT,6,yara-v2,0,0,0,0,10921,0
4,njRAT,7,sigma-mvp,1,0.372007,0.0409303,447,10921,0.408998
4,njRAT,7,sigma-mvp + real neg,0,0,0,0,10921,0
4,njRAT,7,exact + real neg,9,0.370166,0,0,10921,0.390593
4,njRAT,7,ladder + synthetic neg,10,0.769797,0.506913,5536,10921,0.791411
4,njRAT,7,ladder + real neg (v2),9,0.401473,0.000640967,7,10921,0.425358
4,njRAT,7,"ladder + real neg, k=3",3,0.0699816,0.000640967,7,10921,0.0777096
4,njRAT,7,shipped (packaged corpus),10,0.390424,9.15667e-05,1,10921,0.413088
4,njRAT,7,yara-imphash,1,0.0202578,0,0,10921,0.0224949
4,njRAT,7,yara-v2,1,0.123389,0.0021976,24,10921,0.134969
4,njRAT,8,sigma-mvp,1,0.372007,0.0409303,447,10921,0.408998
4,njRAT,8,sigma-mvp + real neg,0,0,0,0,10921,0
4,njRAT,8,exact + real neg,10,0.383057,9.15667e-05,1,10921,0.404908
4,njRAT,8,ladder + synthetic neg,9,0.434622,0.0294845,322,10921,0.462168
4,njRAT,8,ladder + real neg (v2),10,0.383057,9.15667e-05,1,10921,0.404908
4,njRAT,8,"ladder + real neg, k=3",3,0.379374,0,0,10921,0.400818
4,njRAT,8,shipped (packaged corpus),7,0.388582,0.000183133,2,10921,0.411043
4,njRAT,8,yara-imphash,1,0.384899,0.00787474,86,10921,0.376278
4,njRAT,8,yara-v2,0,0,0,0,10921,0
4,njRAT,9,sigma-mvp,0,0,0,0,10921,0
4,njRAT,9,sigma-mvp + real neg,0,0,0,0,10921,0
4,njRAT,9,exact + real neg,1,0,0,0,10921,0
4,njRAT,9,ladder + synthetic neg,2,0.362799,0.00640967,70,10921,0.319018
4,njRAT,9,ladder + real neg (v2),1,0,0,0,10921,0
4,njRAT,9,"ladder + real neg, k=3",1,0,0,0,10921,0
4,njRAT,9,shipped (packaged corpus),1,0,0,0,10921,0
4,njRAT,9,yara-imphash,1,0,0,0,10921,0
4,njRAT,9,yara-v2,1,0,0,0,10921,0
4,njRAT,0,"v2, 5 runs pooled",10,0.0883978,0.0005494,6,10921,0.0961145
